[2025-09-26 10:03:42] [32minfo[39m:cache service connected
[2025-09-26 10:04:05] [32minfo[39m:cache service connected
[2025-09-26 10:04:05] [32minfo[39m:server running on 3000 
[2025-09-26 10:12:35] [32minfo[39m:cache service connected
[2025-09-26 10:12:35] [32minfo[39m:server running on 3000 
[2025-09-26 17:14:07] [32minfo[39m:cache service connected
[2025-09-26 17:14:07] [32minfo[39m:server running on 3000 
[2025-09-26 17:19:19] [32minfo[39m:cache service connected
[2025-09-26 17:19:19] [32minfo[39m:server running on 3000 
[2025-09-26 17:24:18] [32minfo[39m:cache service connected
[2025-09-26 17:24:18] [32minfo[39m:server running on 3000 
[2025-09-26 17:24:38] [32minfo[39m:cache service connected
[2025-09-26 17:24:38] [32minfo[39m:server running on 3000 
[2025-09-26 17:24:59] [32minfo[39m:cache service connected
[2025-09-26 17:24:59] [32minfo[39m:server running on 3000 
[2025-09-26 17:25:20] [32minfo[39m:cache service connected
[2025-09-26 17:25:20] [32minfo[39m:server running on 3000 
[2025-09-26 17:25:50] [32minfo[39m:cache service connected
[2025-09-26 17:25:50] [32minfo[39m:server running on 3000 
[2025-09-26 17:25:59] [32minfo[39m:cache service connected
[2025-09-26 17:25:59] [32minfo[39m:server running on 3000 
[2025-09-26 17:26:04] [32minfo[39m:cache service connected
[2025-09-26 17:26:04] [32minfo[39m:server running on 3000 
[2025-09-26 17:27:23] [32minfo[39m:cache service connected
[2025-09-26 17:27:23] [32minfo[39m:server running on 3000 
[2025-09-26 17:27:40] [32minfo[39m:cache service connected
[2025-09-26 17:27:40] [32minfo[39m:server running on 3000 
[2025-09-26 17:27:52] [32minfo[39m:cache service connected
[2025-09-26 17:27:52] [32minfo[39m:server running on 3000 
[2025-09-26 17:28:00] [32minfo[39m:cache service connected
[2025-09-26 17:28:00] [32minfo[39m:server running on 3000 
[2025-09-26 17:28:05] [32minfo[39m:cache service connected
[2025-09-26 17:28:05] [32minfo[39m:server running on 3000 
[2025-09-26 17:28:24] [32minfo[39m:cache service connected
[2025-09-26 17:28:24] [32minfo[39m:server running on 3000 
[2025-09-26 17:29:07] [32minfo[39m:cache service connected
[2025-09-26 17:29:07] [32minfo[39m:server running on 3000 
[2025-09-26 17:29:12] [32minfo[39m:cache service connected
[2025-09-26 17:29:12] [32minfo[39m:server running on 3000 
[2025-09-26 17:29:47] [32minfo[39m:cache service connected
[2025-09-26 17:29:47] [32minfo[39m:server running on 3000 
[2025-09-26 17:30:14] [32minfo[39m:cache service connected
[2025-09-26 17:30:14] [32minfo[39m:server running on 3000 
[2025-09-26 17:30:21] [32minfo[39m:cache service connected
[2025-09-26 17:30:21] [32minfo[39m:server running on 3000 
[2025-09-26 17:30:54] [32minfo[39m:cache service connected
[2025-09-26 17:30:54] [32minfo[39m:server running on 3000 
[2025-09-26 17:35:30] [32minfo[39m:cache service connected
[2025-09-26 17:35:30] [32minfo[39m:server running on 3000 
[2025-09-26 17:35:35] [32minfo[39m:cache service connected
[2025-09-26 17:35:35] [32minfo[39m:server running on 3000 
[2025-09-26 17:35:43] [32minfo[39m:cache service connected
[2025-09-26 17:35:43] [32minfo[39m:server running on 3000 
[2025-09-26 17:35:51] [32minfo[39m:cache service connected
[2025-09-26 17:35:51] [32minfo[39m:server running on 3000 
[2025-09-26 17:36:16] [32minfo[39m:cache service connected
[2025-09-26 17:36:16] [32minfo[39m:server running on 3000 
[2025-09-26 17:36:32] [32minfo[39m:cache service connected
[2025-09-26 17:36:32] [32minfo[39m:server running on 3000 
[2025-09-26 17:36:41] [32minfo[39m:cache service connected
[2025-09-26 17:36:41] [32minfo[39m:server running on 3000 
[2025-09-26 17:36:50] [32minfo[39m:cache service connected
[2025-09-26 17:36:50] [32minfo[39m:server running on 3000 
[2025-09-26 17:36:56] [32minfo[39m:cache service connected
[2025-09-26 17:36:56] [32minfo[39m:server running on 3000 
[2025-09-26 17:37:26] [32minfo[39m:cache service connected
[2025-09-26 17:37:26] [32minfo[39m:server running on 3000 
[2025-09-26 17:37:58] [32minfo[39m:cache service connected
[2025-09-26 17:37:58] [32minfo[39m:server running on 3000 
[2025-09-26 17:38:12] [32minfo[39m:cache service connected
[2025-09-26 17:38:12] [32minfo[39m:server running on 3000 
[2025-09-26 17:38:21] [32minfo[39m:cache service connected
[2025-09-26 17:38:21] [32minfo[39m:server running on 3000 
[2025-09-26 17:38:37] [32minfo[39m:cache service connected
[2025-09-26 17:38:37] [32minfo[39m:server running on 3000 
[2025-09-26 17:39:27] [32minfo[39m:cache service connected
[2025-09-26 17:39:27] [32minfo[39m:server running on 3000 
[2025-09-26 17:39:38] [32minfo[39m:cache service connected
[2025-09-26 17:39:39] [32minfo[39m:server running on 3000 
[2025-09-26 17:39:42] [32minfo[39m:cache service connected
[2025-09-26 17:39:42] [32minfo[39m:server running on 3000 
[2025-09-26 17:40:07] [32minfo[39m:cache service connected
[2025-09-26 17:49:26] [32minfo[39m:cache service connected
[2025-09-26 17:49:26] [32minfo[39m:server running on 3000 
[2025-09-26 17:51:29] [32minfo[39m:accesssecret
[2025-09-26 17:51:29] [32minfo[39m:uuid
[2025-09-26 17:51:48] [32minfo[39m:accesssecret
[2025-09-26 17:51:48] [32minfo[39m:uuid
[2025-09-26 17:52:25] [32minfo[39m:accesssecret
[2025-09-26 17:52:25] [32minfo[39m:uuid
[2025-09-26 18:07:22] [32minfo[39m:cache service connected
[2025-09-26 18:07:22] [32minfo[39m:server running on 3000 
[2025-09-26 18:07:33] [32minfo[39m:cache service connected
[2025-09-26 18:07:33] [32minfo[39m:server running on 3000 
[2025-09-26 18:07:43] [32minfo[39m:cache service connected
[2025-09-26 18:07:43] [32minfo[39m:server running on 3000 
[2025-09-26 18:07:55] [32minfo[39m:cache service connected
[2025-09-26 18:07:55] [32minfo[39m:server running on 3000 
[2025-09-26 18:08:40] [32minfo[39m:cache service connected
[2025-09-26 18:08:40] [32minfo[39m:server running on 3000 
[2025-09-26 18:10:06] [32minfo[39m:cache service connected
[2025-09-26 18:10:06] [32minfo[39m:server running on 3000 
[2025-09-26 18:11:06] [32minfo[39m:cache service connected
[2025-09-26 18:11:06] [32minfo[39m:server running on 3000 
[2025-09-26 18:14:51] [32minfo[39m:cache service connected
[2025-09-26 18:14:51] [32minfo[39m:server running on 3000 
[2025-09-26 18:15:06] [32minfo[39m:cache service connected
[2025-09-26 18:15:06] [32minfo[39m:server running on 3000 
[2025-09-26 18:15:13] [32minfo[39m:cache service connected
[2025-09-26 18:15:13] [32minfo[39m:server running on 3000 
[2025-09-26 18:15:28] [32minfo[39m:cache service connected
[2025-09-26 18:15:28] [32minfo[39m:server running on 3000 
[2025-09-26 18:15:54] [32minfo[39m:cache service connected
[2025-09-26 18:15:54] [32minfo[39m:server running on 3000 
[2025-09-26 18:15:57] [32minfo[39m:cache service connected
[2025-09-26 18:15:57] [32minfo[39m:server running on 3000 
[2025-09-26 18:16:03] [32minfo[39m:cache service connected
[2025-09-26 18:16:03] [32minfo[39m:server running on 3000 
[2025-09-26 18:24:44] [32minfo[39m:cache service connected
[2025-09-26 18:24:44] [32minfo[39m:server running on 3000 
[2025-09-26 18:24:57] [32minfo[39m:cache service connected
[2025-09-26 18:24:57] [32minfo[39m:server running on 3000 
[2025-09-26 18:25:01] [32minfo[39m:cache service connected
[2025-09-26 18:25:01] [32minfo[39m:server running on 3000 
[2025-09-26 18:25:07] [32minfo[39m:cache service connected
[2025-09-26 18:25:07] [32minfo[39m:server running on 3000 
[2025-09-26 18:25:12] [32minfo[39m:cache service connected
[2025-09-26 18:25:12] [32minfo[39m:server running on 3000 
[2025-09-26 18:25:34] [32minfo[39m:cache service connected
[2025-09-26 18:25:34] [32minfo[39m:server running on 3000 
[2025-09-26 18:25:39] [32minfo[39m:cache service connected
[2025-09-26 18:25:39] [32minfo[39m:server running on 3000 
[2025-09-26 18:25:42] [32minfo[39m:cache service connected
[2025-09-26 18:25:42] [32minfo[39m:server running on 3000 
[2025-09-26 18:27:11] [32minfo[39m:cache service connected
[2025-09-26 18:27:11] [32minfo[39m:server running on 3000 
[2025-09-26 18:27:13] [31merror[39m:invalid credentilas
[2025-09-26 18:27:16] [31merror[39m:invalid credentilas
[2025-09-26 18:27:44] [31merror[39m:No User Found
[2025-09-26 19:04:38] [32minfo[39m:cache service connected
[2025-09-26 19:04:38] [32minfo[39m:server running on 3000 
[2025-09-26 19:05:15] [32minfo[39m:cache service connected
[2025-09-26 19:05:15] [32minfo[39m:server running on 3000 
[2025-09-26 19:05:38] [32minfo[39m:cache service connected
[2025-09-26 19:05:38] [32minfo[39m:server running on 3000 
[2025-09-26 19:05:43] [32minfo[39m:cache service connected
[2025-09-26 19:05:43] [32minfo[39m:server running on 3000 
[2025-09-26 19:05:54] [32minfo[39m:cache service connected
[2025-09-26 19:05:54] [32minfo[39m:server running on 3000 
[2025-09-26 19:06:38] [32minfo[39m:cache service connected
[2025-09-26 19:06:38] [32minfo[39m:server running on 3000 
[2025-09-26 19:07:03] [32minfo[39m:cache service connected
[2025-09-26 19:07:03] [32minfo[39m:server running on 3000 
[2025-09-26 19:22:08] [32minfo[39m:cache service connected
[2025-09-26 19:22:08] [32minfo[39m:server running on 3000 
[2025-09-26 19:51:58] [32minfo[39m:cache service connected
[2025-09-26 19:51:58] [32minfo[39m:server running on 3000 
[2025-09-26 19:54:32] [32minfo[39m:cache service connected
[2025-09-26 19:54:32] [32minfo[39m:server running on 3000 
[2025-09-26 19:54:39] [32minfo[39m:cache service connected
[2025-09-26 19:54:39] [32minfo[39m:server running on 3000 
[2025-09-26 19:55:10] [32minfo[39m:cache service connected
[2025-09-26 19:55:10] [32minfo[39m:server running on 3000 
[2025-09-26 19:55:27] [32minfo[39m:cache service connected
[2025-09-26 19:55:27] [32minfo[39m:server running on 3000 
[2025-09-26 19:59:10] [32minfo[39m:cache service connected
[2025-09-26 19:59:10] [32minfo[39m:server running on 3000 
[2025-09-26 19:59:18] [32minfo[39m:cache service connected
[2025-09-26 19:59:18] [32minfo[39m:server running on 3000 
[2025-09-26 19:59:58] [32minfo[39m:cache service connected
[2025-09-26 19:59:58] [32minfo[39m:server running on 3000 
[2025-09-26 20:00:28] [32minfo[39m:cache service connected
[2025-09-26 20:00:28] [32minfo[39m:server running on 3000 
[2025-09-26 20:00:41] [32minfo[39m:cache service connected
[2025-09-26 20:00:41] [32minfo[39m:server running on 3000 
[2025-09-26 20:02:17] [32minfo[39m:cache service connected
[2025-09-26 20:02:17] [32minfo[39m:server running on 3000 
[2025-09-26 20:04:02] [32minfo[39m:cache service connected
[2025-09-26 20:04:03] [32minfo[39m:server running on 3000 
[2025-09-26 20:04:50] [32minfo[39m:cache service connected
[2025-09-26 20:04:50] [32minfo[39m:server running on 3000 
[2025-09-26 20:04:54] [32minfo[39m:cache service connected
[2025-09-26 20:04:54] [32minfo[39m:server running on 3000 
[2025-09-26 20:05:52] [32minfo[39m:cache service connected
[2025-09-26 20:05:52] [32minfo[39m:server running on 3000 
[2025-09-26 20:11:10] [32minfo[39m:cache service connected
[2025-09-26 20:11:10] [32minfo[39m:server running on 3000 
[2025-09-26 20:12:16] [32minfo[39m:cache service connected
[2025-09-26 20:12:16] [32minfo[39m:server running on 3000 
[2025-09-26 20:28:58] [32minfo[39m:cache service connected
[2025-09-26 20:28:58] [32minfo[39m:server running on 3000 
[2025-09-26 20:29:09] [32minfo[39m:cache service connected
[2025-09-26 20:29:09] [32minfo[39m:server running on 3000 
[2025-09-26 20:29:31] [32minfo[39m:cache service connected
[2025-09-26 20:29:31] [32minfo[39m:server running on 3000 
[2025-09-26 20:29:53] [32minfo[39m:cache service connected
[2025-09-26 20:29:53] [32minfo[39m:server running on 3000 
[2025-09-26 20:30:05] [32minfo[39m:cache service connected
[2025-09-26 20:30:06] [32minfo[39m:server running on 3000 
[2025-09-26 20:30:11] [32minfo[39m:cache service connected
[2025-09-26 20:30:11] [32minfo[39m:server running on 3000 
[2025-09-26 20:30:45] [32minfo[39m:cache service connected
[2025-09-26 20:30:45] [32minfo[39m:server running on 3000 
[2025-09-26 20:31:04] [32minfo[39m:cache service connected
[2025-09-26 20:31:04] [32minfo[39m:server running on 3000 
[2025-09-26 20:34:53] [32minfo[39m:cache service connected
[2025-09-26 20:34:53] [32minfo[39m:server running on 3000 
[2025-09-26 20:36:45] [32minfo[39m:cache service connected
[2025-09-26 20:36:45] [32minfo[39m:server running on 3000 
[2025-09-26 20:41:18] [32minfo[39m:cache service connected
[2025-09-26 20:41:18] [32minfo[39m:server running on 3000 
[2025-09-26 20:41:45] [32minfo[39m:cache service connected
[2025-09-26 20:41:45] [32minfo[39m:server running on 3000 
[2025-09-26 20:42:04] [32minfo[39m:cache service connected
[2025-09-26 20:42:16] [32minfo[39m:cache service connected
[2025-09-26 20:42:16] [32minfo[39m:server running on 3000 
[2025-09-26 20:42:20] [32minfo[39m:cache service connected
[2025-09-26 20:42:20] [32minfo[39m:server running on 3000 
[2025-09-26 20:42:49] [32minfo[39m:cache service connected
[2025-09-26 20:42:49] [32minfo[39m:server running on 3000 
[2025-09-26 20:42:54] [32minfo[39m:cache service connected
[2025-09-26 20:42:54] [32minfo[39m:server running on 3000 
[2025-09-26 20:43:10] [32minfo[39m:cache service connected
[2025-09-26 20:43:10] [32minfo[39m:server running on 3000 
[2025-09-26 20:43:48] [32minfo[39m:cache service connected
[2025-09-26 20:43:48] [32minfo[39m:server running on 3000 
[2025-09-26 20:44:02] [32minfo[39m:cache service connected
[2025-09-26 20:44:02] [32minfo[39m:server running on 3000 
[2025-09-26 20:44:14] [32minfo[39m:cache service connected
[2025-09-26 20:44:14] [32minfo[39m:server running on 3000 
[2025-09-26 20:44:19] [32minfo[39m:cache service connected
[2025-09-26 20:44:19] [32minfo[39m:server running on 3000 
[2025-09-26 20:44:26] [32minfo[39m:cache service connected
[2025-09-26 20:44:26] [32minfo[39m:server running on 3000 
[2025-09-26 20:44:30] [32minfo[39m:cache service connected
[2025-09-26 20:44:30] [32minfo[39m:server running on 3000 
[2025-09-26 20:44:58] [32minfo[39m:cache service connected
[2025-09-26 20:44:58] [32minfo[39m:server running on 3000 
[2025-09-26 20:45:02] [32minfo[39m:cache service connected
[2025-09-26 20:45:02] [32minfo[39m:server running on 3000 
[2025-09-26 20:45:21] [32minfo[39m:cache service connected
[2025-09-26 20:45:21] [32minfo[39m:server running on 3000 
[2025-09-26 20:45:50] [32minfo[39m:cache service connected
[2025-09-26 20:45:50] [32minfo[39m:server running on 3000 
[2025-09-26 20:45:55] [32minfo[39m:cache service connected
[2025-09-26 20:45:55] [32minfo[39m:server running on 3000 
[2025-09-26 21:08:30] [32minfo[39m:cache service connected
[2025-09-26 21:08:30] [32minfo[39m:server running on 3000 
[2025-09-26 21:08:39] [32minfo[39m:cache service connected
[2025-09-26 21:08:39] [32minfo[39m:server running on 3000 
[2025-09-26 21:08:45] [32minfo[39m:cache service connected
[2025-09-26 21:08:45] [32minfo[39m:server running on 3000 
[2025-09-26 21:08:49] [32minfo[39m:cache service connected
[2025-09-26 21:08:49] [32minfo[39m:server running on 3000 
[2025-09-26 21:09:06] [32minfo[39m:cache service connected
[2025-09-26 21:09:06] [32minfo[39m:server running on 3000 
[2025-09-26 21:09:31] [32minfo[39m:cache service connected
[2025-09-26 21:09:31] [32minfo[39m:server running on 3000 
[2025-09-26 21:09:56] [32minfo[39m:cache service connected
[2025-09-26 21:09:56] [32minfo[39m:server running on 3000 
[2025-09-26 21:10:04] [32minfo[39m:cache service connected
[2025-09-26 21:10:04] [32minfo[39m:server running on 3000 
[2025-09-26 21:10:17] [32minfo[39m:cache service connected
[2025-09-26 21:10:17] [32minfo[39m:server running on 3000 
[2025-09-26 21:10:38] [32minfo[39m:cache service connected
[2025-09-26 21:10:38] [32minfo[39m:server running on 3000 
[2025-09-26 21:11:11] [32minfo[39m:cache service connected
[2025-09-26 21:11:11] [32minfo[39m:server running on 3000 
[2025-09-26 21:12:24] [32minfo[39m:cache service connected
[2025-09-26 21:12:24] [32minfo[39m:server running on 3000 
[2025-09-26 21:14:04] [32minfo[39m:cache service connected
[2025-09-26 21:14:04] [32minfo[39m:server running on 3000 
[2025-09-26 21:14:09] [32minfo[39m:cache service connected
[2025-09-26 21:14:09] [32minfo[39m:server running on 3000 
[2025-09-26 21:14:28] [32minfo[39m:cache service connected
[2025-09-26 21:14:28] [32minfo[39m:server running on 3000 
[2025-09-26 21:14:44] [32minfo[39m:cache service connected
[2025-09-26 21:14:44] [32minfo[39m:server running on 3000 
[2025-09-26 21:16:08] [32minfo[39m:cache service connected
[2025-09-26 21:16:08] [32minfo[39m:server running on 3000 
[2025-09-26 21:21:06] [32minfo[39m:cache service connected
[2025-09-26 21:21:06] [32minfo[39m:server running on 3000 
[2025-09-26 21:21:38] [32minfo[39m:cache service connected
[2025-09-26 21:21:38] [32minfo[39m:server running on 3000 
[2025-09-26 21:23:47] [32minfo[39m:cache service connected
[2025-09-26 21:23:47] [32minfo[39m:server running on 3000 
[2025-09-26 21:26:07] [32minfo[39m:cache service connected
[2025-09-26 21:26:07] [32minfo[39m:server running on 3000 
[2025-09-26 21:27:00] [32minfo[39m:cache service connected
[2025-09-26 21:27:00] [32minfo[39m:server running on 3000 
[2025-09-26 21:34:44] [32minfo[39m:cache service connected
[2025-09-26 21:34:44] [32minfo[39m:server running on 3000 
[2025-09-26 21:41:37] [32minfo[39m:cache service connected
[2025-09-26 21:41:37] [32minfo[39m:server running on 3000 
[2025-09-26 21:41:42] [32minfo[39m:cache service connected
[2025-09-26 21:41:42] [32minfo[39m:server running on 3000 
[2025-09-26 21:41:47] [32minfo[39m:cache service connected
[2025-09-26 21:41:47] [32minfo[39m:server running on 3000 
[2025-09-26 21:42:19] [32minfo[39m:cache service connected
[2025-09-26 21:42:19] [32minfo[39m:server running on 3000 
[2025-09-26 21:43:04] [32minfo[39m:cache service connected
[2025-09-26 21:43:04] [32minfo[39m:server running on 3000 
[2025-09-26 21:43:31] [32minfo[39m:cache service connected
[2025-09-26 21:43:31] [32minfo[39m:server running on 3000 
[2025-09-26 21:43:35] [32minfo[39m:cache service connected
[2025-09-26 21:43:35] [32minfo[39m:server running on 3000 
[2025-09-26 21:43:57] [32minfo[39m:cache service connected
[2025-09-26 21:43:57] [32minfo[39m:server running on 3000 
[2025-09-26 21:44:01] [32minfo[39m:cache service connected
[2025-09-26 21:44:01] [32minfo[39m:server running on 3000 
[2025-09-26 21:44:11] [32minfo[39m:cache service connected
[2025-09-26 21:44:11] [32minfo[39m:server running on 3000 
[2025-09-26 21:44:37] [32minfo[39m:cache service connected
[2025-09-26 21:44:37] [32minfo[39m:server running on 3000 
[2025-09-26 21:44:58] [32minfo[39m:cache service connected
[2025-09-26 21:44:58] [32minfo[39m:server running on 3000 
[2025-09-26 21:46:12] [32minfo[39m:cache service connected
[2025-09-26 21:46:12] [32minfo[39m:server running on 3000 
[2025-09-26 21:46:16] [32minfo[39m:cache service connected
[2025-09-26 21:46:16] [32minfo[39m:server running on 3000 
[2025-09-26 21:46:21] [32minfo[39m:cache service connected
[2025-09-26 21:46:21] [32minfo[39m:server running on 3000 
[2025-09-26 21:51:58] [32minfo[39m:cache service connected
[2025-09-26 21:51:58] [32minfo[39m:server running on 3000 
[2025-09-26 21:52:18] [32minfo[39m:cache service connected
[2025-09-26 21:52:18] [32minfo[39m:server running on 3000 
[2025-09-26 21:52:44] [32minfo[39m:cache service connected
[2025-09-26 21:52:44] [32minfo[39m:server running on 3000 
[2025-09-26 21:57:21] [32minfo[39m:cache service connected
[2025-09-26 21:57:21] [32minfo[39m:server running on 3000 
[2025-09-27 01:22:25] [32minfo[39m:cache service connected
[2025-09-27 01:22:25] [32minfo[39m:server running on 3000 
[2025-09-27 01:22:42] [32minfo[39m:cache service connected
[2025-09-27 01:22:42] [32minfo[39m:server running on 3000 
[2025-09-27 01:22:54] [32minfo[39m:cache service connected
[2025-09-27 01:22:54] [32minfo[39m:server running on 3000 
[2025-09-27 01:23:45] [32minfo[39m:cache service connected
[2025-09-27 01:23:45] [32minfo[39m:server running on 3000 
[2025-09-27 01:24:50] [32minfo[39m:cache service connected
[2025-09-27 01:24:50] [32minfo[39m:server running on 3000 
[2025-09-27 01:25:18] [32minfo[39m:cache service connected
[2025-09-27 01:25:18] [32minfo[39m:server running on 3000 
[2025-09-27 01:25:50] [32minfo[39m:cache service connected
[2025-09-27 01:25:50] [32minfo[39m:server running on 3000 
[2025-09-27 01:25:54] [32minfo[39m:cache service connected
[2025-09-27 01:25:54] [32minfo[39m:server running on 3000 
[2025-09-27 01:26:00] [32minfo[39m:cache service connected
[2025-09-27 01:26:00] [32minfo[39m:server running on 3000 
[2025-09-27 01:26:17] [32minfo[39m:cache service connected
[2025-09-27 01:26:17] [32minfo[39m:server running on 3000 
[2025-09-27 01:26:44] [32minfo[39m:cache service connected
[2025-09-27 01:26:44] [32minfo[39m:server running on 3000 
[2025-09-27 01:32:43] [32minfo[39m:cache service connected
[2025-09-27 01:32:43] [32minfo[39m:server running on 3000 
[2025-09-27 01:32:50] [32minfo[39m:cache service connected
[2025-09-27 01:32:50] [32minfo[39m:server running on 3000 
[2025-09-27 01:33:29] [32minfo[39m:cache service connected
[2025-09-27 01:33:29] [32minfo[39m:server running on 3000 
[2025-09-27 01:33:36] [32minfo[39m:cache service connected
[2025-09-27 01:33:36] [32minfo[39m:server running on 3000 
[2025-09-27 01:33:44] [32minfo[39m:cache service connected
[2025-09-27 01:33:44] [32minfo[39m:server running on 3000 
[2025-09-27 01:34:26] [32minfo[39m:cache service connected
[2025-09-27 01:34:26] [32minfo[39m:server running on 3000 
[2025-09-27 01:34:53] [32minfo[39m:cache service connected
[2025-09-27 01:34:53] [32minfo[39m:server running on 3000 
[2025-09-27 01:35:00] [32minfo[39m:cache service connected
[2025-09-27 01:35:00] [32minfo[39m:server running on 3000 
[2025-09-27 01:35:06] [32minfo[39m:cache service connected
[2025-09-27 01:35:06] [32minfo[39m:server running on 3000 
[2025-09-27 01:35:23] [32minfo[39m:cache service connected
[2025-09-27 01:35:23] [32minfo[39m:server running on 3000 
[2025-09-27 01:36:13] [32minfo[39m:cache service connected
[2025-09-27 01:36:13] [32minfo[39m:server running on 3000 
[2025-09-27 01:36:20] [32minfo[39m:cache service connected
[2025-09-27 01:36:20] [32minfo[39m:server running on 3000 
[2025-09-27 01:36:53] [32minfo[39m:cache service connected
[2025-09-27 01:36:53] [32minfo[39m:server running on 3000 
[2025-09-27 01:37:16] [32minfo[39m:cache service connected
[2025-09-27 01:37:16] [32minfo[39m:server running on 3000 
[2025-09-27 01:37:24] [32minfo[39m:cache service connected
[2025-09-27 01:37:24] [32minfo[39m:server running on 3000 
[2025-09-27 01:37:29] [32minfo[39m:cache service connected
[2025-09-27 01:37:29] [32minfo[39m:server running on 3000 
[2025-09-27 01:38:51] [32minfo[39m:cache service connected
[2025-09-27 01:38:51] [32minfo[39m:server running on 3000 
[2025-09-27 01:39:01] [32minfo[39m:cache service connected
[2025-09-27 01:39:01] [32minfo[39m:server running on 3000 
[2025-09-27 01:39:55] [32minfo[39m:cache service connected
[2025-09-27 01:39:55] [32minfo[39m:server running on 3000 
[2025-09-27 01:40:03] [32minfo[39m:cache service connected
[2025-09-27 01:40:03] [32minfo[39m:server running on 3000 
[2025-09-27 01:45:56] [32minfo[39m:cache service connected
[2025-09-27 01:45:56] [32minfo[39m:server running on 3000 
[2025-09-27 01:46:11] [32minfo[39m:cache service connected
[2025-09-27 01:46:11] [32minfo[39m:server running on 3000 
[2025-09-27 01:46:18] [32minfo[39m:cache service connected
[2025-09-27 01:46:18] [32minfo[39m:server running on 3000 
[2025-09-27 01:48:53] [32minfo[39m:cache service connected
[2025-09-27 01:48:53] [32minfo[39m:server running on 3000 
[2025-09-27 01:49:24] [32minfo[39m:cache service connected
[2025-09-27 01:49:24] [32minfo[39m:server running on 3000 
[2025-09-27 01:49:48] [32minfo[39m:cache service connected
[2025-09-27 01:49:48] [32minfo[39m:server running on 3000 
[2025-09-27 01:52:05] [32minfo[39m:cache service connected
[2025-09-27 01:52:05] [32minfo[39m:server running on 3000 
[2025-09-27 01:52:09] [32minfo[39m:cache service connected
[2025-09-27 01:52:09] [32minfo[39m:server running on 3000 
[2025-09-27 11:10:07] [32minfo[39m:cache service connected
[2025-09-27 11:10:07] [32minfo[39m:server running on 3000 
[2025-09-27 11:11:33] [32minfo[39m:cache service connected
[2025-09-27 11:11:33] [32minfo[39m:server running on 3000 
[2025-09-27 11:11:50] [32minfo[39m:cache service connected
[2025-09-27 11:11:50] [32minfo[39m:server running on 3000 
[2025-09-27 11:12:12] [32minfo[39m:cache service connected
[2025-09-27 11:12:12] [32minfo[39m:server running on 3000 
[2025-09-27 11:12:51] [32minfo[39m:cache service connected
[2025-09-27 11:12:51] [32minfo[39m:server running on 3000 
[2025-09-27 17:51:33] [32minfo[39m:accesssecret
[2025-09-27 17:51:33] [32minfo[39m:uuid
[2025-09-27 17:53:11] [32minfo[39m:cache service connected
[2025-09-27 17:53:11] [32minfo[39m:server running on 3000 
[2025-09-27 17:53:13] [32minfo[39m:accesssecret
[2025-09-27 17:53:13] [32minfo[39m:uuid
[2025-09-27 17:53:28] [32minfo[39m:cache service connected
[2025-09-27 17:53:28] [32minfo[39m:server running on 3000 
[2025-09-27 17:53:29] [32minfo[39m:accesssecret
[2025-09-27 17:53:29] [32minfo[39m:uuid
[2025-09-27 17:53:44] [32minfo[39m:cache service connected
[2025-09-27 17:53:44] [32minfo[39m:server running on 3000 
[2025-09-27 17:54:01] [32minfo[39m:cache service connected
[2025-09-27 17:54:01] [32minfo[39m:server running on 3000 
[2025-09-27 17:54:42] [32minfo[39m:cache service connected
[2025-09-27 17:54:42] [32minfo[39m:server running on 3000 
[2025-09-27 17:55:14] [32minfo[39m:cache service connected
[2025-09-27 17:55:14] [32minfo[39m:server running on 3000 
[2025-09-27 17:55:52] [32minfo[39m:cache service connected
[2025-09-27 17:55:52] [32minfo[39m:server running on 3000 
[2025-09-27 17:55:58] [32minfo[39m:cache service connected
[2025-09-27 17:55:58] [32minfo[39m:server running on 3000 
[2025-09-27 18:00:39] [32minfo[39m:cache service connected
[2025-09-27 18:00:39] [32minfo[39m:server running on 3000 
[2025-09-27 18:00:46] [32minfo[39m:cache service connected
[2025-09-27 18:00:46] [32minfo[39m:server running on 3000 
[2025-09-27 18:03:08] [32minfo[39m:cache service connected
[2025-09-27 18:03:08] [32minfo[39m:server running on 3000 
[2025-09-27 18:03:10] [32minfo[39m:cache service connected
[2025-09-27 18:03:11] [32minfo[39m:server running on 3000 
[2025-09-27 18:03:30] [32minfo[39m:cache service connected
[2025-09-27 18:03:30] [32minfo[39m:server running on 3000 
[2025-09-27 18:03:31] [32minfo[39m:cache service connected
[2025-09-27 18:03:31] [32minfo[39m:server running on 3000 
[2025-09-27 18:03:45] [32minfo[39m:cache service connected
[2025-09-27 18:03:45] [32minfo[39m:server running on 3000 
[2025-09-27 18:03:48] [31merror[39m:No User Found
[2025-09-27 18:04:34] [32minfo[39m:cache service connected
[2025-09-27 18:04:34] [32minfo[39m:server running on 3000 
[2025-09-27 18:04:38] [31merror[39m:No User Found
[2025-09-27 18:04:39] [32minfo[39m:cache service connected
[2025-09-27 18:04:39] [32minfo[39m:server running on 3000 
[2025-09-27 18:04:46] [31merror[39m:No User Found
[2025-09-27 18:04:48] [31merror[39m:No User Found
[2025-09-27 18:05:02] [32minfo[39m:cache service connected
[2025-09-27 18:05:02] [32minfo[39m:server running on 3000 
[2025-09-27 18:06:19] [31merror[39m:No User Found
[2025-09-27 18:06:59] [32minfo[39m:cache service connected
[2025-09-27 18:06:59] [32minfo[39m:server running on 3000 
[2025-09-27 18:07:36] [32minfo[39m:cache service connected
[2025-09-27 18:07:36] [32minfo[39m:server running on 3000 
[2025-09-27 18:07:55] [32minfo[39m:cache service connected
[2025-09-27 18:07:55] [32minfo[39m:server running on 3000 
[2025-09-27 18:08:18] [32minfo[39m:cache service connected
[2025-09-27 18:08:18] [32minfo[39m:server running on 3000 
[2025-09-27 18:08:44] [32minfo[39m:cache service connected
[2025-09-27 18:08:44] [32minfo[39m:server running on 3000 
[2025-09-27 18:09:00] [32minfo[39m:cache service connected
[2025-09-27 18:09:00] [32minfo[39m:server running on 3000 
[2025-09-27 18:09:07] [32minfo[39m:cache service connected
[2025-09-27 18:09:07] [32minfo[39m:server running on 3000 
[2025-09-27 18:09:15] [32minfo[39m:cache service connected
[2025-09-27 18:09:15] [32minfo[39m:server running on 3000 
[2025-09-27 18:09:37] [32minfo[39m:cache service connected
[2025-09-27 18:09:37] [32minfo[39m:server running on 3000 
[2025-09-27 18:09:49] [31merror[39m:No User Found
[2025-09-27 18:09:53] [32minfo[39m:cache service connected
[2025-09-27 18:09:53] [32minfo[39m:server running on 3000 
[2025-09-27 18:09:54] [31merror[39m:No User Found
[2025-09-27 18:09:56] [31merror[39m:No User Found
[2025-09-27 18:10:26] [32minfo[39m:cache service connected
[2025-09-27 18:10:26] [32minfo[39m:server running on 3000 
[2025-09-27 18:10:30] [32minfo[39m:cache service connected
[2025-09-27 18:10:30] [32minfo[39m:server running on 3000 
[2025-09-27 18:12:54] [32minfo[39m:cache service connected
[2025-09-27 18:12:54] [32minfo[39m:server running on 3000 
[2025-09-27 18:13:25] [32minfo[39m:cache service connected
[2025-09-27 18:13:25] [32minfo[39m:server running on 3000 
[2025-09-27 18:13:35] [31merror[39m:No User Found
[2025-09-27 18:13:37] [32minfo[39m:cache service connected
[2025-09-27 18:13:37] [32minfo[39m:server running on 3000 
[2025-09-27 18:13:43] [31merror[39m:No User Found
[2025-09-27 18:13:44] [31merror[39m:No User Found
[2025-09-27 18:14:07] [32minfo[39m:cache service connected
[2025-09-27 18:14:07] [32minfo[39m:server running on 3000 
[2025-09-27 18:14:23] [31merror[39m:No User Found
[2025-09-27 18:14:24] [31merror[39m:No User Found
[2025-09-27 18:14:25] [31merror[39m:No User Found
[2025-09-27 18:15:27] [31merror[39m:No User Found
[2025-09-27 18:15:32] [31merror[39m:No User Found
[2025-09-27 18:15:52] [31merror[39m:No User Found
[2025-09-27 18:17:54] [31merror[39m:No User Found
[2025-09-27 18:17:56] [32minfo[39m:cache service connected
[2025-09-27 18:17:56] [32minfo[39m:server running on 3000 
[2025-09-27 18:18:12] [31merror[39m:No User Found
[2025-09-27 18:19:21] [32minfo[39m:cache service connected
[2025-09-27 18:19:21] [32minfo[39m:server running on 3000 
[2025-09-27 18:19:26] [32minfo[39m:accesssecret
[2025-09-27 18:19:26] [32minfo[39m:uuid
[2025-09-27 18:19:32] [32minfo[39m:accesssecret
[2025-09-27 18:19:32] [32minfo[39m:uuid
[2025-09-27 18:19:55] [32minfo[39m:cache service connected
[2025-09-27 18:19:55] [32minfo[39m:server running on 3000 
[2025-09-27 18:20:07] [32minfo[39m:cache service connected
[2025-09-27 18:20:07] [32minfo[39m:server running on 3000 
[2025-09-27 18:20:07] [31merror[39m:No User Found
[2025-09-27 18:20:20] [32minfo[39m:cache service connected
[2025-09-27 18:20:20] [32minfo[39m:server running on 3000 
[2025-09-27 18:20:22] [31merror[39m:No User Found
[2025-09-27 18:21:02] [32minfo[39m:cache service connected
[2025-09-27 18:21:02] [32minfo[39m:server running on 3000 
[2025-09-27 18:21:06] [32minfo[39m:accesssecret
[2025-09-27 18:21:06] [32minfo[39m:uuid
[2025-09-27 18:21:51] [32minfo[39m:cache service connected
[2025-09-27 18:21:51] [32minfo[39m:server running on 3000 
[2025-09-27 18:22:06] [32minfo[39m:cache service connected
[2025-09-27 18:22:06] [32minfo[39m:server running on 3000 
[2025-09-27 18:22:14] [32minfo[39m:cache service connected
[2025-09-27 18:22:14] [32minfo[39m:server running on 3000 
[2025-09-27 18:22:38] [32minfo[39m:cache service connected
[2025-09-27 18:22:38] [32minfo[39m:server running on 3000 
[2025-09-27 18:23:18] [32minfo[39m:cache service connected
[2025-09-27 18:23:18] [32minfo[39m:server running on 3000 
[2025-09-27 18:23:28] [32minfo[39m:cache service connected
[2025-09-27 18:23:28] [32minfo[39m:server running on 3000 
[2025-09-27 18:23:52] [32minfo[39m:cache service connected
[2025-09-27 18:23:52] [32minfo[39m:server running on 3000 
[2025-09-27 18:24:02] [32minfo[39m:cache service connected
[2025-09-27 18:24:02] [32minfo[39m:server running on 3000 
[2025-09-27 18:24:11] [32minfo[39m:cache service connected
[2025-09-27 18:24:11] [32minfo[39m:server running on 3000 
[2025-09-27 18:24:34] [32minfo[39m:cache service connected
[2025-09-27 18:24:34] [32minfo[39m:server running on 3000 
[2025-09-27 18:24:44] [32minfo[39m:cache service connected
[2025-09-27 18:24:44] [32minfo[39m:server running on 3000 
[2025-09-27 18:24:49] [32minfo[39m:cache service connected
[2025-09-27 18:24:49] [32minfo[39m:server running on 3000 
[2025-09-27 18:24:58] [32minfo[39m:cache service connected
[2025-09-27 18:24:58] [32minfo[39m:server running on 3000 
[2025-09-27 18:25:11] [32minfo[39m:cache service connected
[2025-09-27 18:25:11] [32minfo[39m:server running on 3000 
[2025-09-27 18:55:22] [32minfo[39m:cache service connected
[2025-09-27 18:55:22] [32minfo[39m:server running on 3000 
[2025-09-27 18:55:39] [32minfo[39m:cache service connected
[2025-09-27 18:55:39] [32minfo[39m:server running on 3000 
[2025-09-27 18:55:44] [32minfo[39m:cache service connected
[2025-09-27 18:55:44] [32minfo[39m:server running on 3000 
[2025-09-27 18:56:13] [32minfo[39m:cache service connected
[2025-09-27 18:56:13] [32minfo[39m:server running on 3000 
[2025-09-27 18:56:16] [32minfo[39m:cache service connected
[2025-09-27 18:56:16] [32minfo[39m:server running on 3000 
[2025-09-27 18:56:34] [32minfo[39m:cache service connected
[2025-09-27 18:56:34] [32minfo[39m:server running on 3000 
[2025-09-27 18:56:53] [32minfo[39m:cache service connected
[2025-09-27 18:56:53] [32minfo[39m:server running on 3000 
[2025-09-27 18:57:06] [32minfo[39m:cache service connected
[2025-09-27 18:57:06] [32minfo[39m:server running on 3000 
[2025-09-27 18:57:13] [32minfo[39m:cache service connected
[2025-09-27 18:57:13] [32minfo[39m:server running on 3000 
[2025-09-27 18:57:21] [32minfo[39m:cache service connected
[2025-09-27 18:57:21] [32minfo[39m:server running on 3000 
[2025-09-27 18:58:26] [32minfo[39m:cache service connected
[2025-09-27 18:58:26] [32minfo[39m:server running on 3000 
[2025-09-27 18:58:32] [32minfo[39m:accesssecret
[2025-09-27 18:58:32] [32minfo[39m:uuid
[2025-09-27 19:05:22] [32minfo[39m:cache service connected
[2025-09-27 19:05:22] [32minfo[39m:server running on 3000 
[2025-09-27 19:06:00] [32minfo[39m:cache service connected
[2025-09-27 19:06:00] [32minfo[39m:server running on 3000 
[2025-09-27 19:06:18] [32minfo[39m:cache service connected
[2025-09-27 19:06:18] [32minfo[39m:server running on 3000 
[2025-09-27 19:06:24] [32minfo[39m:cache service connected
[2025-09-27 19:06:24] [32minfo[39m:server running on 3000 
[2025-09-27 19:09:35] [32minfo[39m:cache service connected
[2025-09-27 19:09:35] [32minfo[39m:server running on 3000 
[2025-09-27 19:09:53] [32minfo[39m:cache service connected
[2025-09-27 19:09:53] [32minfo[39m:server running on 3000 
[2025-09-27 19:10:02] [32minfo[39m:cache service connected
[2025-09-27 19:10:02] [32minfo[39m:server running on 3000 
[2025-09-27 19:10:34] [32minfo[39m:cache service connected
[2025-09-27 19:10:34] [32minfo[39m:server running on 3000 
[2025-09-27 19:10:46] [32minfo[39m:cache service connected
[2025-09-27 19:10:46] [32minfo[39m:server running on 3000 
[2025-09-27 19:10:53] [32minfo[39m:cache service connected
[2025-09-27 19:10:53] [32minfo[39m:server running on 3000 
[2025-09-27 19:11:04] [32minfo[39m:cache service connected
[2025-09-27 19:11:04] [32minfo[39m:server running on 3000 
[2025-09-27 19:11:08] [32minfo[39m:cache service connected
[2025-09-27 19:11:08] [32minfo[39m:server running on 3000 
[2025-09-27 19:11:16] [32minfo[39m:cache service connected
[2025-09-27 19:11:16] [32minfo[39m:server running on 3000 
[2025-09-27 19:11:31] [32minfo[39m:cache service connected
[2025-09-27 19:11:31] [32minfo[39m:server running on 3000 
[2025-09-27 19:11:34] [32minfo[39m:cache service connected
[2025-09-27 19:11:34] [32minfo[39m:server running on 3000 
[2025-09-27 19:11:39] [32minfo[39m:cache service connected
[2025-09-27 19:11:39] [32minfo[39m:server running on 3000 
[2025-09-27 19:11:57] [32minfo[39m:cache service connected
[2025-09-27 19:11:57] [32minfo[39m:server running on 3000 
[2025-09-27 19:12:06] [32minfo[39m:cache service connected
[2025-09-27 19:12:06] [32minfo[39m:server running on 3000 
[2025-09-27 19:12:13] [32minfo[39m:cache service connected
[2025-09-27 19:12:13] [32minfo[39m:server running on 3000 
[2025-09-27 19:12:22] [32minfo[39m:cache service connected
[2025-09-27 19:12:22] [32minfo[39m:server running on 3000 
[2025-09-27 19:12:51] [32minfo[39m:cache service connected
[2025-09-27 19:12:51] [32minfo[39m:server running on 3000 
[2025-09-27 19:13:05] [32minfo[39m:cache service connected
[2025-09-27 19:13:05] [32minfo[39m:server running on 3000 
[2025-09-27 19:13:49] [32minfo[39m:cache service connected
[2025-09-27 19:13:49] [32minfo[39m:server running on 3000 
[2025-09-27 19:13:56] [32minfo[39m:cache service connected
[2025-09-27 19:13:56] [32minfo[39m:server running on 3000 
[2025-09-27 19:14:03] [32minfo[39m:cache service connected
[2025-09-27 19:14:03] [32minfo[39m:server running on 3000 
[2025-09-27 19:14:33] [32minfo[39m:cache service connected
[2025-09-27 19:14:33] [32minfo[39m:server running on 3000 
[2025-09-27 19:14:39] [32minfo[39m:cache service connected
[2025-09-27 19:14:42] [32minfo[39m:cache service connected
[2025-09-27 19:14:42] [32minfo[39m:server running on 3000 
[2025-09-27 19:14:50] [32minfo[39m:cache service connected
[2025-09-27 19:14:50] [32minfo[39m:server running on 3000 
[2025-09-27 19:14:58] [32minfo[39m:cache service connected
[2025-09-27 19:14:58] [32minfo[39m:server running on 3000 
[2025-09-27 19:15:16] [32minfo[39m:cache service connected
[2025-09-27 19:15:16] [32minfo[39m:server running on 3000 
[2025-09-27 19:15:22] [32minfo[39m:cache service connected
[2025-09-27 19:15:22] [32minfo[39m:server running on 3000 
[2025-09-27 19:15:54] [32minfo[39m:cache service connected
[2025-09-27 19:15:54] [32minfo[39m:server running on 3000 
[2025-09-27 19:16:12] [32minfo[39m:cache service connected
[2025-09-27 19:16:12] [32minfo[39m:server running on 3000 
[2025-09-27 19:16:35] [32minfo[39m:cache service connected
[2025-09-27 19:16:35] [32minfo[39m:server running on 3000 
[2025-09-27 19:32:41] [32minfo[39m:cache service connected
[2025-09-27 19:32:41] [32minfo[39m:server running on 3000 
[2025-09-27 19:32:55] [32minfo[39m:cache service connected
[2025-09-27 19:32:55] [32minfo[39m:server running on 3000 
[2025-09-27 19:33:03] [32minfo[39m:cache service connected
[2025-09-27 19:33:03] [32minfo[39m:server running on 3000 
[2025-09-27 19:33:25] [32minfo[39m:cache service connected
[2025-09-27 19:33:25] [32minfo[39m:server running on 3000 
[2025-09-27 19:34:14] [32minfo[39m:cache service connected
[2025-09-27 19:34:14] [32minfo[39m:server running on 3000 
[2025-09-27 19:34:28] [32minfo[39m:cache service connected
[2025-09-27 19:34:28] [32minfo[39m:server running on 3000 
[2025-09-27 19:34:38] [32minfo[39m:cache service connected
[2025-09-27 19:34:38] [32minfo[39m:server running on 3000 
[2025-09-27 19:35:05] [32minfo[39m:cache service connected
[2025-09-27 19:35:05] [32minfo[39m:server running on 3000 
[2025-09-27 19:35:16] [32minfo[39m:cache service connected
[2025-09-27 19:35:16] [32minfo[39m:server running on 3000 
[2025-09-27 19:35:22] [32minfo[39m:cache service connected
[2025-09-27 19:35:22] [32minfo[39m:server running on 3000 
[2025-09-27 19:35:27] [32minfo[39m:cache service connected
[2025-09-27 19:35:27] [32minfo[39m:server running on 3000 
[2025-09-27 19:35:32] [32minfo[39m:cache service connected
[2025-09-27 19:35:32] [32minfo[39m:server running on 3000 
[2025-09-27 19:35:36] [32minfo[39m:cache service connected
[2025-09-27 19:35:36] [32minfo[39m:server running on 3000 
[2025-09-27 19:35:45] [32minfo[39m:cache service connected
[2025-09-27 19:35:45] [32minfo[39m:server running on 3000 
[2025-09-27 19:36:05] [32minfo[39m:cache service connected
[2025-09-27 19:36:05] [32minfo[39m:server running on 3000 
[2025-09-27 19:36:25] [32minfo[39m:cache service connected
[2025-09-27 19:36:25] [32minfo[39m:server running on 3000 
[2025-09-27 19:36:53] [32minfo[39m:cache service connected
[2025-09-27 19:36:53] [32minfo[39m:server running on 3000 
[2025-09-27 19:37:15] [32minfo[39m:cache service connected
[2025-09-27 19:37:15] [32minfo[39m:server running on 3000 
[2025-09-27 19:37:34] [32minfo[39m:cache service connected
[2025-09-27 19:37:34] [32minfo[39m:server running on 3000 
[2025-09-27 19:37:47] [32minfo[39m:cache service connected
[2025-09-27 19:37:47] [32minfo[39m:server running on 3000 
[2025-09-27 19:37:55] [32minfo[39m:cache service connected
[2025-09-27 19:37:55] [32minfo[39m:server running on 3000 
[2025-09-27 19:38:03] [32minfo[39m:cache service connected
[2025-09-27 19:38:03] [32minfo[39m:server running on 3000 
[2025-09-27 19:38:21] [32minfo[39m:cache service connected
[2025-09-27 19:38:21] [32minfo[39m:server running on 3000 
[2025-09-27 19:38:27] [32minfo[39m:cache service connected
[2025-09-27 19:38:27] [32minfo[39m:server running on 3000 
[2025-09-27 19:38:42] [32minfo[39m:cache service connected
[2025-09-27 19:38:42] [32minfo[39m:server running on 3000 
[2025-09-27 19:38:47] [32minfo[39m:cache service connected
[2025-09-27 19:38:47] [32minfo[39m:server running on 3000 
[2025-09-27 19:39:00] [32minfo[39m:cache service connected
[2025-09-27 19:39:00] [32minfo[39m:server running on 3000 
[2025-09-27 19:39:46] [32minfo[39m:cache service connected
[2025-09-27 19:39:46] [32minfo[39m:server running on 3000 
[2025-09-27 19:39:55] [32minfo[39m:cache service connected
[2025-09-27 19:39:55] [32minfo[39m:server running on 3000 
[2025-09-27 19:40:12] [32minfo[39m:cache service connected
[2025-09-27 19:40:12] [32minfo[39m:server running on 3000 
[2025-09-27 21:09:57] [32minfo[39m:cache service connected
[2025-09-27 21:09:57] [32minfo[39m:server running on 3000 
[2025-09-27 21:11:13] [32minfo[39m:cache service connected
[2025-09-27 21:11:13] [32minfo[39m:server running on 3000 
[2025-09-27 21:15:08] [32minfo[39m:cache service connected
[2025-09-27 21:15:08] [32minfo[39m:server running on 3000 
[2025-09-27 21:15:50] [32minfo[39m:cache service connected
[2025-09-27 21:15:50] [32minfo[39m:server running on 3000 
[2025-09-27 21:16:22] [32minfo[39m:cache service connected
[2025-09-27 21:16:22] [32minfo[39m:server running on 3000 
[2025-09-27 21:16:37] [32minfo[39m:cache service connected
[2025-09-27 21:16:37] [32minfo[39m:server running on 3000 
[2025-09-27 21:16:46] [32minfo[39m:cache service connected
[2025-09-27 21:16:46] [32minfo[39m:server running on 3000 
[2025-09-27 21:16:57] [32minfo[39m:cache service connected
[2025-09-27 21:16:57] [32minfo[39m:server running on 3000 
[2025-09-27 21:17:05] [32minfo[39m:cache service connected
[2025-09-27 21:17:05] [32minfo[39m:server running on 3000 
[2025-09-27 21:17:14] [32minfo[39m:cache service connected
[2025-09-27 21:17:14] [32minfo[39m:server running on 3000 
[2025-09-27 23:03:07] [32minfo[39m:cache service connected
[2025-09-27 23:03:07] [32minfo[39m:server running on 3000 
[2025-09-27 23:03:24] [32minfo[39m:cache service connected
[2025-09-27 23:03:24] [32minfo[39m:server running on 3000 
[2025-09-27 23:04:54] [32minfo[39m:cache service connected
[2025-09-27 23:04:54] [32minfo[39m:server running on 3000 
[2025-09-27 23:05:05] [32minfo[39m:cache service connected
[2025-09-27 23:05:05] [32minfo[39m:server running on 3000 
[2025-09-27 23:05:16] [32minfo[39m:cache service connected
[2025-09-27 23:05:16] [32minfo[39m:server running on 3000 
[2025-09-27 23:05:22] [32minfo[39m:cache service connected
[2025-09-27 23:05:22] [32minfo[39m:server running on 3000 
[2025-09-27 23:05:35] [32minfo[39m:cache service connected
[2025-09-27 23:05:35] [32minfo[39m:server running on 3000 
[2025-09-27 23:05:48] [32minfo[39m:cache service connected
[2025-09-27 23:05:48] [32minfo[39m:server running on 3000 
[2025-09-27 23:06:01] [32minfo[39m:cache service connected
[2025-09-27 23:06:01] [32minfo[39m:server running on 3000 
[2025-09-27 23:06:13] [32minfo[39m:cache service connected
[2025-09-27 23:06:13] [32minfo[39m:server running on 3000 
[2025-09-27 23:06:46] [32minfo[39m:cache service connected
[2025-09-27 23:06:46] [32minfo[39m:server running on 3000 
[2025-09-27 23:06:52] [32minfo[39m:cache service connected
[2025-09-27 23:06:52] [32minfo[39m:server running on 3000 
[2025-09-27 23:06:56] [32minfo[39m:cache service connected
[2025-09-27 23:06:56] [32minfo[39m:server running on 3000 
[2025-09-27 23:08:04] [32minfo[39m:cache service connected
[2025-09-27 23:08:04] [32minfo[39m:server running on 3000 
[2025-09-27 23:08:50] [32minfo[39m:cache service connected
[2025-09-27 23:08:50] [32minfo[39m:server running on 3000 
[2025-09-27 23:09:13] [32minfo[39m:cache service connected
[2025-09-27 23:09:13] [32minfo[39m:server running on 3000 
[2025-09-27 23:12:08] [32minfo[39m:cache service connected
[2025-09-27 23:12:08] [32minfo[39m:server running on 3000 
[2025-09-27 23:12:26] [32minfo[39m:cache service connected
[2025-09-27 23:12:26] [32minfo[39m:server running on 3000 
[2025-09-27 23:14:13] [32minfo[39m:cache service connected
[2025-09-27 23:14:13] [32minfo[39m:server running on 3000 
[2025-09-27 23:14:22] [32minfo[39m:cache service connected
[2025-09-27 23:14:22] [32minfo[39m:server running on 3000 
[2025-09-27 23:14:40] [32minfo[39m:cache service connected
[2025-09-27 23:14:40] [32minfo[39m:server running on 3000 
[2025-09-27 23:16:04] [32minfo[39m:cache service connected
[2025-09-27 23:16:04] [32minfo[39m:server running on 3000 
[2025-09-27 23:16:49] [32minfo[39m:cache service connected
[2025-09-27 23:16:49] [32minfo[39m:server running on 3000 
[2025-09-27 23:17:41] [32minfo[39m:cache service connected
[2025-09-27 23:17:41] [32minfo[39m:server running on 3000 
[2025-09-27 23:18:02] [32minfo[39m:cache service connected
[2025-09-27 23:18:02] [32minfo[39m:server running on 3000 
[2025-09-27 23:18:13] [32minfo[39m:cache service connected
[2025-09-27 23:18:13] [32minfo[39m:server running on 3000 
[2025-09-27 23:18:25] [32minfo[39m:cache service connected
[2025-09-27 23:18:25] [32minfo[39m:server running on 3000 
[2025-09-27 23:18:37] [32minfo[39m:cache service connected
[2025-09-27 23:18:37] [32minfo[39m:server running on 3000 
[2025-09-27 23:19:24] [32minfo[39m:cache service connected
[2025-09-27 23:19:24] [32minfo[39m:server running on 3000 
[2025-09-27 23:19:29] [32minfo[39m:cache service connected
[2025-09-27 23:19:29] [32minfo[39m:server running on 3000 
[2025-09-27 23:19:40] [32minfo[39m:cache service connected
[2025-09-27 23:19:40] [32minfo[39m:server running on 3000 
[2025-09-27 23:19:49] [32minfo[39m:cache service connected
[2025-09-27 23:19:49] [32minfo[39m:server running on 3000 
[2025-09-27 23:19:54] [32minfo[39m:cache service connected
[2025-09-27 23:19:54] [32minfo[39m:server running on 3000 
[2025-09-27 23:20:54] [32minfo[39m:cache service connected
[2025-09-27 23:20:54] [32minfo[39m:server running on 3000 
[2025-09-27 23:21:06] [32minfo[39m:cache service connected
[2025-09-27 23:21:06] [32minfo[39m:server running on 3000 
[2025-09-27 23:21:25] [32minfo[39m:cache service connected
[2025-09-27 23:21:25] [32minfo[39m:server running on 3000 
[2025-09-27 23:23:18] [32minfo[39m:cache service connected
[2025-09-27 23:23:18] [32minfo[39m:server running on 3000 
[2025-09-27 23:24:12] [32minfo[39m:cache service connected
[2025-09-27 23:24:12] [32minfo[39m:server running on 3000 
[2025-09-27 23:25:01] [32minfo[39m:cache service connected
[2025-09-27 23:25:01] [32minfo[39m:server running on 3000 
[2025-09-27 23:25:07] [32minfo[39m:cache service connected
[2025-09-27 23:25:07] [32minfo[39m:server running on 3000 
[2025-09-27 23:27:16] [32minfo[39m:cache service connected
[2025-09-27 23:27:16] [32minfo[39m:server running on 3000 
[2025-09-27 23:28:15] [32minfo[39m:cache service connected
[2025-09-27 23:28:15] [32minfo[39m:server running on 3000 
[2025-09-27 23:28:34] [32minfo[39m:cache service connected
[2025-09-27 23:28:34] [32minfo[39m:server running on 3000 
[2025-09-27 23:28:42] [32minfo[39m:cache service connected
[2025-09-27 23:28:42] [32minfo[39m:server running on 3000 
[2025-09-27 23:29:07] [32minfo[39m:cache service connected
[2025-09-27 23:29:07] [32minfo[39m:server running on 3000 
[2025-09-27 23:29:14] [32minfo[39m:cache service connected
[2025-09-27 23:29:14] [32minfo[39m:server running on 3000 
[2025-09-27 23:29:22] [32minfo[39m:cache service connected
[2025-09-27 23:29:22] [32minfo[39m:server running on 3000 
[2025-09-27 23:31:37] [32minfo[39m:cache service connected
[2025-09-27 23:31:37] [32minfo[39m:server running on 3000 
[2025-09-27 23:32:12] [32minfo[39m:cache service connected
[2025-09-27 23:32:12] [32minfo[39m:server running on 3000 
[2025-09-27 23:32:30] [32minfo[39m:cache service connected
[2025-09-27 23:32:30] [32minfo[39m:server running on 3000 
[2025-09-27 23:32:42] [32minfo[39m:cache service connected
[2025-09-27 23:32:42] [32minfo[39m:server running on 3000 
[2025-09-27 23:32:50] [32minfo[39m:cache service connected
[2025-09-27 23:32:50] [32minfo[39m:server running on 3000 
[2025-09-27 23:33:06] [32minfo[39m:cache service connected
[2025-09-27 23:33:06] [32minfo[39m:server running on 3000 
[2025-09-27 23:37:07] [32minfo[39m:cache service connected
[2025-09-27 23:37:07] [32minfo[39m:server running on 3000 
[2025-09-27 23:37:21] [32minfo[39m:cache service connected
[2025-09-27 23:37:21] [32minfo[39m:server running on 3000 
[2025-09-27 23:37:28] [32minfo[39m:cache service connected
[2025-09-27 23:37:28] [32minfo[39m:server running on 3000 
[2025-09-27 23:37:43] [32minfo[39m:cache service connected
[2025-09-27 23:37:43] [32minfo[39m:server running on 3000 
[2025-09-27 23:38:15] [32minfo[39m:cache service connected
[2025-09-27 23:38:15] [32minfo[39m:server running on 3000 
[2025-09-27 23:38:25] [32minfo[39m:cache service connected
[2025-09-27 23:38:25] [32minfo[39m:server running on 3000 
[2025-09-27 23:38:31] [32minfo[39m:cache service connected
[2025-09-27 23:38:31] [32minfo[39m:server running on 3000 
[2025-09-27 23:39:12] [32minfo[39m:cache service connected
[2025-09-27 23:39:12] [32minfo[39m:server running on 3000 
[2025-09-27 23:41:38] [32minfo[39m:cache service connected
[2025-09-27 23:41:38] [32minfo[39m:server running on 3000 
[2025-09-27 23:41:42] [32minfo[39m:cache service connected
[2025-09-27 23:41:42] [32minfo[39m:server running on 3000 
[2025-09-27 23:45:26] [32minfo[39m:cache service connected
[2025-09-27 23:45:26] [32minfo[39m:server running on 3000 
[2025-09-27 23:45:31] [32minfo[39m:cache service connected
[2025-09-27 23:45:31] [32minfo[39m:server running on 3000 
[2025-09-27 23:45:45] [32minfo[39m:cache service connected
[2025-09-27 23:45:45] [32minfo[39m:server running on 3000 
[2025-09-27 23:45:53] [32minfo[39m:cache service connected
[2025-09-27 23:45:53] [32minfo[39m:server running on 3000 
[2025-09-27 23:46:04] [32minfo[39m:cache service connected
[2025-09-27 23:46:04] [32minfo[39m:server running on 3000 
[2025-09-27 23:46:40] [32minfo[39m:cache service connected
[2025-09-27 23:46:40] [32minfo[39m:server running on 3000 
[2025-09-27 23:46:53] [32minfo[39m:cache service connected
[2025-09-27 23:46:53] [32minfo[39m:server running on 3000 
[2025-09-27 23:47:03] [32minfo[39m:cache service connected
[2025-09-27 23:47:03] [32minfo[39m:server running on 3000 
[2025-09-27 23:48:34] [32minfo[39m:cache service connected
[2025-09-27 23:48:34] [32minfo[39m:server running on 3000 
[2025-09-27 23:48:50] [32minfo[39m:cache service connected
[2025-09-27 23:48:50] [32minfo[39m:server running on 3000 
[2025-09-27 23:49:05] [32minfo[39m:cache service connected
[2025-09-27 23:49:05] [32minfo[39m:server running on 3000 
[2025-09-27 23:49:12] [32minfo[39m:cache service connected
[2025-09-27 23:49:12] [32minfo[39m:server running on 3000 
[2025-09-27 23:49:35] [32minfo[39m:cache service connected
[2025-09-27 23:49:35] [32minfo[39m:server running on 3000 
[2025-09-27 23:49:38] [32minfo[39m:cache service connected
[2025-09-27 23:49:38] [32minfo[39m:server running on 3000 
[2025-09-27 23:50:11] [32minfo[39m:cache service connected
[2025-09-27 23:50:11] [32minfo[39m:server running on 3000 
[2025-09-27 23:50:16] [32minfo[39m:cache service connected
[2025-09-27 23:50:16] [32minfo[39m:server running on 3000 
[2025-09-27 23:51:10] [32minfo[39m:cache service connected
[2025-09-27 23:51:10] [32minfo[39m:server running on 3000 
[2025-09-27 23:51:21] [32minfo[39m:cache service connected
[2025-09-27 23:51:21] [32minfo[39m:server running on 3000 
[2025-09-27 23:51:34] [32minfo[39m:cache service connected
[2025-09-27 23:51:34] [32minfo[39m:server running on 3000 
[2025-09-27 23:51:59] [32minfo[39m:cache service connected
[2025-09-27 23:51:59] [32minfo[39m:server running on 3000 
[2025-09-27 23:52:30] [32minfo[39m:cache service connected
[2025-09-27 23:52:30] [32minfo[39m:server running on 3000 
[2025-09-27 23:53:25] [32minfo[39m:cache service connected
[2025-09-27 23:53:25] [32minfo[39m:server running on 3000 
[2025-09-27 23:53:34] [32minfo[39m:cache service connected
[2025-09-27 23:53:34] [32minfo[39m:server running on 3000 
[2025-09-27 23:53:41] [32minfo[39m:cache service connected
[2025-09-27 23:53:41] [32minfo[39m:server running on 3000 
[2025-09-27 23:53:56] [32minfo[39m:cache service connected
[2025-09-27 23:53:56] [32minfo[39m:server running on 3000 
[2025-09-27 23:54:18] [32minfo[39m:cache service connected
[2025-09-27 23:54:18] [32minfo[39m:server running on 3000 
[2025-09-27 23:54:46] [32minfo[39m:cache service connected
[2025-09-27 23:54:46] [32minfo[39m:server running on 3000 
[2025-09-27 23:56:01] [32minfo[39m:cache service connected
[2025-09-27 23:56:01] [32minfo[39m:server running on 3000 
[2025-09-28 01:30:26] [32minfo[39m:cache service connected
[2025-09-28 01:30:26] [32minfo[39m:server running on 3000 
[2025-09-28 10:27:18] [32minfo[39m:cache service connected
[2025-09-28 10:27:18] [32minfo[39m:server running on 3000 
[2025-09-28 10:27:24] [32minfo[39m:cache service connected
[2025-09-28 10:27:24] [32minfo[39m:server running on 3000 
[2025-09-28 10:27:49] [32minfo[39m:cache service connected
[2025-09-28 10:27:49] [32minfo[39m:server running on 3000 
[2025-09-28 10:27:53] [32minfo[39m:cache service connected
[2025-09-28 10:27:53] [32minfo[39m:server running on 3000 
[2025-09-28 10:46:04] [32minfo[39m:cache service connected
[2025-09-28 10:46:04] [32minfo[39m:server running on 3000 
[2025-09-28 19:05:39] [32minfo[39m:cache service connected
[2025-09-28 19:05:39] [32minfo[39m:server running on 3000 
[2025-09-29 19:42:53] [32minfo[39m:cache service connected
[2025-09-29 19:42:53] [32minfo[39m:server running on 3000 
[2025-09-29 20:31:17] [32minfo[39m:cache service connected
[2025-09-29 20:31:17] [32minfo[39m:server running on 3000 
[2025-09-29 20:31:35] [32minfo[39m:accesssecret
[2025-09-29 20:31:35] [32minfo[39m:uuid
[2025-09-29 20:35:31] [32minfo[39m:cache service connected
[2025-09-29 20:35:31] [32minfo[39m:server running on 3000 
[2025-09-29 20:38:45] [32minfo[39m:cache service connected
[2025-09-29 20:38:45] [32minfo[39m:server running on 3000 
[2025-09-29 20:39:47] [32minfo[39m:auth token
[2025-09-29 20:39:47] [31merror[39m:Schema hasn't been registered for model "Skill".
Use mongoose.model(name, schema)
[2025-09-29 20:43:11] [32minfo[39m:accesssecret
[2025-09-29 20:43:11] [32minfo[39m:uuid
[2025-09-29 20:43:28] [32minfo[39m:auth token
[2025-09-29 20:43:28] [31merror[39m:Schema hasn't been registered for model "Skill".
Use mongoose.model(name, schema)
[2025-09-29 20:49:49] [32minfo[39m:cache service connected
[2025-09-29 20:49:49] [32minfo[39m:server running on 3000 
[2025-09-29 20:50:00] [32minfo[39m:accesssecret
[2025-09-29 20:50:00] [32minfo[39m:uuid
[2025-09-29 20:50:09] [32minfo[39m:auth token
[2025-09-29 20:50:09] [31merror[39m:Schema hasn't been registered for model "Skills".
Use mongoose.model(name, schema)
[2025-09-29 20:52:07] [32minfo[39m:cache service connected
[2025-09-29 20:52:07] [32minfo[39m:server running on 3000 
[2025-09-29 20:54:30] [32minfo[39m:cache service connected
[2025-09-29 20:54:30] [32minfo[39m:server running on 3000 
[2025-09-29 20:54:41] [32minfo[39m:cache service connected
[2025-09-29 20:54:41] [32minfo[39m:server running on 3000 
[2025-09-29 20:54:53] [32minfo[39m:cache service connected
[2025-09-29 20:54:53] [32minfo[39m:server running on 3000 
[2025-09-29 20:55:02] [32minfo[39m:cache service connected
[2025-09-29 20:55:02] [32minfo[39m:server running on 3000 
[2025-09-29 20:55:21] [32minfo[39m:cache service connected
[2025-09-29 20:55:21] [32minfo[39m:server running on 3000 
[2025-09-29 21:06:55] [32minfo[39m:cache service connected
[2025-09-29 21:06:55] [32minfo[39m:server running on 3000 
[2025-09-29 21:10:46] [32minfo[39m:accesssecret
[2025-09-29 21:10:46] [32minfo[39m:uuid
[2025-09-29 21:10:59] [32minfo[39m:auth token
[2025-09-29 21:10:59] [31merror[39m:Schema hasn't been registered for model "Skill".
Use mongoose.model(name, schema)
[2025-09-29 21:11:59] [32minfo[39m:cache service connected
[2025-09-29 21:11:59] [32minfo[39m:server running on 3000 
[2025-09-29 21:12:19] [32minfo[39m:cache service connected
[2025-09-29 21:12:19] [32minfo[39m:server running on 3000 
[2025-09-29 21:12:25] [32minfo[39m:cache service connected
[2025-09-29 21:12:25] [32minfo[39m:server running on 3000 
[2025-09-29 21:12:28] [32minfo[39m:auth token
[2025-09-29 21:12:28] [31merror[39m:Schema hasn't been registered for model "Skill".
Use mongoose.model(name, schema)
[2025-09-29 21:12:35] [32minfo[39m:accesssecret
[2025-09-29 21:12:35] [32minfo[39m:uuid
[2025-09-29 21:12:54] [32minfo[39m:auth token
[2025-09-29 21:12:54] [31merror[39m:Schema hasn't been registered for model "Skill".
Use mongoose.model(name, schema)
[2025-09-29 21:13:31] [32minfo[39m:cache service connected
[2025-09-29 21:13:31] [32minfo[39m:server running on 3000 
[2025-09-29 21:15:03] [32minfo[39m:cache service connected
[2025-09-29 21:15:03] [32minfo[39m:server running on 3000 
[2025-09-29 21:15:08] [32minfo[39m:cache service connected
[2025-09-29 21:15:08] [32minfo[39m:server running on 3000 
[2025-09-29 21:15:11] [32minfo[39m:auth token
[2025-09-29 21:15:11] [31merror[39m:Schema hasn't been registered for model "Skill".
Use mongoose.model(name, schema)
[2025-09-29 21:15:19] [32minfo[39m:accesssecret
[2025-09-29 21:15:19] [32minfo[39m:uuid
[2025-09-29 21:15:26] [32minfo[39m:auth token
[2025-09-29 21:15:26] [31merror[39m:Schema hasn't been registered for model "Skill".
Use mongoose.model(name, schema)
[2025-09-29 21:18:14] [32minfo[39m:cache service connected
[2025-09-29 21:18:14] [32minfo[39m:server running on 3000 
[2025-09-29 21:18:20] [32minfo[39m:cache service connected
[2025-09-29 21:18:20] [32minfo[39m:server running on 3000 
[2025-09-29 21:18:40] [32minfo[39m:accesssecret
[2025-09-29 21:18:40] [32minfo[39m:uuid
[2025-09-29 21:18:51] [32minfo[39m:auth token
[2025-09-29 21:18:51] [31merror[39m:Schema hasn't been registered for model "Skill".
Use mongoose.model(name, schema)
[2025-09-29 21:19:11] [32minfo[39m:cache service connected
[2025-09-29 21:19:11] [32minfo[39m:server running on 3000 
[2025-09-29 21:19:23] [32minfo[39m:cache service connected
[2025-09-29 21:19:23] [32minfo[39m:server running on 3000 
[2025-09-29 21:19:46] [32minfo[39m:auth token
[2025-09-29 21:20:05] [32minfo[39m:accesssecret
[2025-09-29 21:20:05] [32minfo[39m:uuid
[2025-09-29 21:20:14] [32minfo[39m:auth token
[2025-09-29 21:20:14] [31merror[39m:Schema hasn't been registered for model "Skill".
Use mongoose.model(name, schema)
[2025-09-29 21:20:28] [32minfo[39m:auth token
[2025-09-29 21:20:28] [31merror[39m:Schema hasn't been registered for model "Skill".
Use mongoose.model(name, schema)
[2025-09-29 21:24:31] [32minfo[39m:cache service connected
[2025-09-29 21:24:31] [32minfo[39m:server running on 3000 
[2025-09-29 21:24:38] [32minfo[39m:cache service connected
[2025-09-29 21:24:38] [32minfo[39m:server running on 3000 
[2025-09-29 21:24:39] [32minfo[39m:auth token
[2025-09-29 21:24:39] [31merror[39m:Schema hasn't been registered for model "Skill".
Use mongoose.model(name, schema)
[2025-09-29 21:24:47] [32minfo[39m:accesssecret
[2025-09-29 21:24:47] [32minfo[39m:uuid
[2025-09-29 21:25:02] [32minfo[39m:auth token
[2025-09-29 21:25:02] [31merror[39m:Schema hasn't been registered for model "Skill".
Use mongoose.model(name, schema)
[2025-09-29 21:28:31] [32minfo[39m:accesssecret
[2025-09-29 21:28:31] [32minfo[39m:uuid
[2025-09-29 21:28:55] [32minfo[39m:auth token
[2025-09-29 21:28:55] [31merror[39m:Schema hasn't been registered for model "Skill".
Use mongoose.model(name, schema)
[2025-09-29 21:29:21] [32minfo[39m:auth token
[2025-09-29 21:29:21] [31merror[39m:Schema hasn't been registered for model "Skill".
Use mongoose.model(name, schema)
[2025-09-29 21:29:34] [32minfo[39m:auth token
[2025-09-29 21:29:34] [31merror[39m:Schema hasn't been registered for model "Skill".
Use mongoose.model(name, schema)
[2025-09-29 21:30:01] [32minfo[39m:auth token
[2025-09-29 21:30:01] [31merror[39m:Schema hasn't been registered for model "Skill".
Use mongoose.model(name, schema)
[2025-09-29 21:33:16] [32minfo[39m:cache service connected
[2025-09-29 21:33:16] [32minfo[39m:server running on 3000 
[2025-09-29 21:40:27] [32minfo[39m:accesssecret
[2025-09-29 21:40:27] [32minfo[39m:uuid
[2025-09-29 21:40:38] [32minfo[39m:auth token
[2025-09-29 21:40:38] [31merror[39m:Schema hasn't been registered for model "Skill".
Use mongoose.model(name, schema)
[2025-09-29 21:40:51] [32minfo[39m:auth token
[2025-09-29 21:40:51] [31merror[39m:Schema hasn't been registered for model "Skill".
Use mongoose.model(name, schema)
[2025-09-29 21:41:16] [32minfo[39m:auth token
[2025-09-29 21:41:16] [31merror[39m:Schema hasn't been registered for model "Skill".
Use mongoose.model(name, schema)
[2025-09-29 21:41:49] [32minfo[39m:auth token
[2025-09-29 21:41:49] [31merror[39m:Schema hasn't been registered for model "Skill".
Use mongoose.model(name, schema)
[2025-09-29 21:44:33] [32minfo[39m:auth token
[2025-09-29 21:44:33] [31merror[39m:Schema hasn't been registered for model "Skill".
Use mongoose.model(name, schema)
[2025-09-29 21:45:42] [32minfo[39m:auth token
[2025-09-29 21:45:42] [31merror[39m:Schema hasn't been registered for model "Skill".
Use mongoose.model(name, schema)
[2025-09-29 21:45:50] [32minfo[39m:cache service connected
[2025-09-29 21:45:50] [32minfo[39m:server running on 3000 
[2025-09-29 21:45:56] [32minfo[39m:auth token
[2025-09-29 21:45:56] [31merror[39m:Schema hasn't been registered for model "Skill".
Use mongoose.model(name, schema)
[2025-09-29 21:48:31] [32minfo[39m:accesssecret
[2025-09-29 21:48:31] [32minfo[39m:uuid
[2025-09-29 21:49:02] [32minfo[39m:cache service connected
[2025-09-29 21:49:02] [32minfo[39m:server running on 3000 
[2025-09-29 21:49:08] [32minfo[39m:accesssecret
[2025-09-29 21:49:08] [32minfo[39m:uuid
[2025-09-29 21:51:16] [32minfo[39m:cache service connected
[2025-09-29 21:51:16] [32minfo[39m:server running on 3000 
[2025-09-29 21:51:25] [32minfo[39m:accesssecret
[2025-09-29 21:51:25] [32minfo[39m:uuid
[2025-09-29 21:55:23] [32minfo[39m:auth token
[2025-09-29 21:55:23] [31merror[39m:Schema hasn't been registered for model "Skill".
Use mongoose.model(name, schema)
[2025-09-29 22:00:15] [32minfo[39m:auth token
[2025-09-29 22:00:50] [32minfo[39m:accesssecret
[2025-09-29 22:03:41] [32minfo[39m:accesssecret
[2025-09-29 22:03:56] [32minfo[39m:cache service connected
[2025-09-29 22:03:56] [32minfo[39m:server running on 3000 
[2025-09-29 22:04:06] [32minfo[39m:accesssecret
[2025-09-29 22:04:20] [32minfo[39m:accesssecret
[2025-09-29 22:04:20] [32minfo[39m:uuid
[2025-09-29 22:05:42] [32minfo[39m:cache service connected
[2025-09-29 22:05:42] [32minfo[39m:server running on 3000 
[2025-09-29 22:06:34] [32minfo[39m:cache service connected
[2025-09-29 22:06:34] [32minfo[39m:server running on 3000 
[2025-09-29 22:06:47] [32minfo[39m:accesssecret
[2025-09-29 22:06:47] [32minfo[39m:uuid
[2025-09-29 22:10:12] [32minfo[39m:accesssecret
[2025-09-29 22:10:12] [32minfo[39m:uuid
[2025-09-29 22:12:54] [32minfo[39m:cache service connected
[2025-09-29 22:12:54] [32minfo[39m:server running on 3000 
[2025-09-29 22:14:00] [32minfo[39m:cache service connected
[2025-09-29 22:14:00] [32minfo[39m:server running on 3000 
[2025-09-29 22:14:02] [32minfo[39m:accesssecret
[2025-09-29 22:14:02] [32minfo[39m:uuid
[2025-09-29 22:14:12] [32minfo[39m:cache service connected
[2025-09-29 22:14:12] [32minfo[39m:server running on 3000 
[2025-09-29 22:14:36] [32minfo[39m:cache service connected
[2025-09-29 22:14:53] [32minfo[39m:cache service connected
[2025-09-29 22:15:12] [32minfo[39m:cache service connected
[2025-09-29 22:15:12] [32minfo[39m:server running on 3000 
[2025-09-29 22:15:31] [32minfo[39m:cache service connected
[2025-09-29 22:15:31] [32minfo[39m:server running on 3000 
[2025-09-29 22:15:46] [32minfo[39m:cache service connected
[2025-09-29 22:15:46] [32minfo[39m:server running on 3000 
[2025-09-29 22:15:54] [32minfo[39m:cache service connected
[2025-09-29 22:15:54] [32minfo[39m:server running on 3000 
[2025-09-29 22:16:04] [32minfo[39m:cache service connected
[2025-09-29 22:16:04] [32minfo[39m:server running on 3000 
[2025-09-29 22:16:22] [32minfo[39m:cache service connected
[2025-09-29 22:16:22] [32minfo[39m:server running on 3000 
[2025-09-29 22:16:32] [32minfo[39m:cache service connected
[2025-09-29 22:16:32] [32minfo[39m:server running on 3000 
[2025-09-29 22:16:56] [32minfo[39m:cache service connected
[2025-09-29 22:16:56] [32minfo[39m:server running on 3000 
[2025-09-29 22:17:03] [32minfo[39m:cache service connected
[2025-09-29 22:17:03] [32minfo[39m:server running on 3000 
[2025-09-29 22:17:20] [32minfo[39m:cache service connected
[2025-09-29 22:17:20] [32minfo[39m:server running on 3000 
[2025-09-29 22:17:27] [32minfo[39m:accesssecret
[2025-09-29 22:17:27] [32minfo[39m:uuid
[2025-09-29 22:18:06] [32minfo[39m:cache service connected
[2025-09-29 22:18:06] [32minfo[39m:server running on 3000 
[2025-09-29 22:18:15] [32minfo[39m:cache service connected
[2025-09-29 22:18:15] [32minfo[39m:server running on 3000 
[2025-09-29 22:18:22] [32minfo[39m:cache service connected
[2025-09-29 22:18:22] [32minfo[39m:server running on 3000 
[2025-09-29 22:18:28] [32minfo[39m:accesssecret
[2025-09-29 22:18:28] [32minfo[39m:uuid
[2025-09-29 22:18:36] [32minfo[39m:cache service connected
[2025-09-29 22:18:36] [32minfo[39m:server running on 3000 
[2025-09-29 22:20:00] [32minfo[39m:cache service connected
[2025-09-29 22:20:00] [32minfo[39m:server running on 3000 
[2025-09-29 22:20:18] [32minfo[39m:cache service connected
[2025-09-29 22:20:18] [32minfo[39m:server running on 3000 
[2025-09-29 22:20:53] [32minfo[39m:cache service connected
[2025-09-29 22:20:53] [32minfo[39m:server running on 3000 
[2025-09-29 22:21:03] [32minfo[39m:cache service connected
[2025-09-29 22:21:03] [32minfo[39m:server running on 3000 
[2025-09-29 22:21:17] [32minfo[39m:cache service connected
[2025-09-29 22:21:17] [32minfo[39m:server running on 3000 
[2025-09-29 22:21:46] [32minfo[39m:cache service connected
[2025-09-29 22:21:46] [32minfo[39m:server running on 3000 
[2025-09-29 22:27:36] [32minfo[39m:accesssecret
[2025-09-29 22:27:36] [32minfo[39m:uuid
[2025-09-29 22:28:03] [32minfo[39m:auth token
[2025-09-29 22:28:03] [31merror[39m:Schema hasn't been registered for model "Skill".
Use mongoose.model(name, schema)
[2025-09-29 22:30:05] [32minfo[39m:auth token
[2025-09-29 22:30:05] [31merror[39m:Schema hasn't been registered for model "Skill".
Use mongoose.model(name, schema)
[2025-09-29 22:30:07] [32minfo[39m:auth token
[2025-09-29 22:30:07] [31merror[39m:Schema hasn't been registered for model "Skill".
Use mongoose.model(name, schema)
[2025-09-29 22:30:08] [32minfo[39m:auth token
[2025-09-29 22:30:08] [31merror[39m:Schema hasn't been registered for model "Skill".
Use mongoose.model(name, schema)
[2025-09-29 22:30:09] [32minfo[39m:auth token
[2025-09-29 22:30:09] [31merror[39m:Schema hasn't been registered for model "Skill".
Use mongoose.model(name, schema)
[2025-09-29 22:30:12] [32minfo[39m:auth token
[2025-09-29 22:30:12] [31merror[39m:Schema hasn't been registered for model "Skill".
Use mongoose.model(name, schema)
[2025-09-29 22:30:34] [32minfo[39m:auth token
[2025-09-29 22:30:34] [31merror[39m:Schema hasn't been registered for model "Skill".
Use mongoose.model(name, schema)
[2025-09-29 22:46:58] [31merror[39m:Cannot destructure property 'role' of 'req.body' as it is undefined.
[2025-09-29 22:47:15] [32minfo[39m:auth token
[2025-09-29 22:47:35] [32minfo[39m:accesssecret
[2025-09-29 22:47:35] [32minfo[39m:uuid
[2025-09-29 22:47:45] [32minfo[39m:auth token
[2025-09-29 22:48:06] [32minfo[39m:auth token
[2025-09-29 22:48:06] [31merror[39m:Schema hasn't been registered for model "Skill".
Use mongoose.model(name, schema)
[2025-09-29 22:58:06] [32minfo[39m:accesssecret
[2025-09-30 11:12:29] [32minfo[39m:cache service connected
[2025-09-30 11:12:29] [32minfo[39m:server running on 3000 
[2025-09-30 11:12:35] [32minfo[39m:POST
[2025-09-30 11:12:35] [32minfo[39m:accesssecret
[2025-09-30 11:12:35] [32minfo[39m:uuid
[2025-09-30 11:12:45] [32minfo[39m:GET
[2025-09-30 11:18:48] [32minfo[39m:cache service connected
[2025-09-30 11:18:48] [32minfo[39m:server running on 3000 
[2025-09-30 11:18:53] [32minfo[39m:cache service connected
[2025-09-30 11:18:53] [32minfo[39m:server running on 3000 
[2025-09-30 11:19:03] [32minfo[39m:cache service connected
[2025-09-30 11:19:03] [32minfo[39m:server running on 3000 
[2025-09-30 11:19:09] [32minfo[39m:cache service connected
[2025-09-30 11:19:09] [32minfo[39m:server running on 3000 
[2025-09-30 11:19:18] [32minfo[39m:cache service connected
[2025-09-30 11:19:18] [32minfo[39m:server running on 3000 
[2025-09-30 11:19:37] [32minfo[39m:cache service connected
[2025-09-30 11:19:37] [32minfo[39m:server running on 3000 
[2025-09-30 11:27:33] [32minfo[39m:cache service connected
[2025-09-30 11:27:33] [32minfo[39m:server running on 3000 
[2025-09-30 11:37:55] [32minfo[39m:cache service connected
[2025-09-30 11:37:55] [32minfo[39m:server running on 3000 
[2025-09-30 11:38:23] [32minfo[39m:cache service connected
[2025-09-30 11:38:23] [32minfo[39m:server running on 3000 
[2025-09-30 11:38:37] [32minfo[39m:cache service connected
[2025-09-30 11:38:37] [32minfo[39m:server running on 3000 
[2025-09-30 11:38:44] [32minfo[39m:cache service connected
[2025-09-30 11:38:44] [32minfo[39m:server running on 3000 
[2025-09-30 11:39:07] [32minfo[39m:cache service connected
[2025-09-30 11:39:07] [32minfo[39m:server running on 3000 
[2025-09-30 11:39:13] [32minfo[39m:cache service connected
[2025-09-30 11:39:13] [32minfo[39m:server running on 3000 
[2025-09-30 11:48:53] [32minfo[39m:POST
[2025-09-30 11:48:53] [32minfo[39m:accesssecret
[2025-09-30 11:48:53] [32minfo[39m:uuid
[2025-09-30 11:48:59] [32minfo[39m:GET
[2025-09-30 11:48:59] [31merror[39m:jwt must be provided
[2025-09-30 11:50:11] [32minfo[39m:cache service connected
[2025-09-30 11:50:11] [32minfo[39m:server running on 3000 
[2025-09-30 11:50:14] [32minfo[39m:accesssecret
[2025-09-30 11:50:14] [32minfo[39m:uuid
[2025-09-30 11:50:15] [31merror[39m:jwt must be provided
[2025-09-30 11:52:02] [32minfo[39m:cache service connected
[2025-09-30 11:52:02] [32minfo[39m:server running on 3000 
[2025-09-30 11:52:03] [32minfo[39m:accesssecret
[2025-09-30 11:52:03] [32minfo[39m:uuid
[2025-09-30 11:52:05] [31merror[39m:jwt must be provided
[2025-09-30 13:43:52] [32minfo[39m:accesssecret
[2025-09-30 13:43:52] [32minfo[39m:uuid
[2025-09-30 13:43:58] [31merror[39m:jwt must be provided
[2025-09-30 13:47:21] [32minfo[39m:cache service connected
[2025-09-30 13:47:21] [32minfo[39m:server running on 3000 
[2025-09-30 13:47:26] [32minfo[39m:accesssecret
[2025-09-30 13:47:26] [32minfo[39m:uuid
[2025-09-30 13:47:37] [31merror[39m:jwt must be provided
[2025-09-30 13:49:16] [32minfo[39m:cache service connected
[2025-09-30 13:49:16] [32minfo[39m:server running on 3000 
[2025-09-30 13:49:22] [32minfo[39m:cache service connected
[2025-09-30 13:49:22] [32minfo[39m:server running on 3000 
[2025-09-30 13:49:26] [32minfo[39m:accesssecret
[2025-09-30 13:49:26] [32minfo[39m:uuid
[2025-09-30 13:49:26] [32minfo[39m:refreshtoken: 
[2025-09-30 13:49:47] [32minfo[39m:cache service connected
[2025-09-30 13:49:47] [32minfo[39m:server running on 3000 
[2025-09-30 13:49:47] [31merror[39m:jwt must be provided
[2025-09-30 13:49:50] [32minfo[39m:accesssecret
[2025-09-30 13:49:50] [32minfo[39m:uuid
[2025-09-30 13:51:30] [32minfo[39m:cache service connected
[2025-09-30 13:51:30] [32minfo[39m:server running on 3000 
[2025-09-30 13:51:53] [32minfo[39m:cache service connected
[2025-09-30 13:51:53] [32minfo[39m:server running on 3000 
[2025-09-30 13:52:21] [32minfo[39m:cache service connected
[2025-09-30 13:52:21] [32minfo[39m:server running on 3000 
[2025-09-30 13:53:50] [32minfo[39m:cache service connected
[2025-09-30 13:53:50] [32minfo[39m:server running on 3000 
[2025-09-30 13:53:59] [32minfo[39m:cache service connected
[2025-09-30 13:53:59] [32minfo[39m:server running on 3000 
[2025-09-30 13:54:06] [32minfo[39m:cache service connected
[2025-09-30 13:54:06] [32minfo[39m:server running on 3000 
[2025-09-30 13:55:08] [31merror[39m:jwt must be provided
[2025-09-30 13:55:34] [32minfo[39m:accesssecret
[2025-09-30 13:55:34] [32minfo[39m:uuid
[2025-09-30 13:55:56] [31merror[39m:jwt must be provided
[2025-10-01 09:29:41] [32minfo[39m:cache service connected
[2025-10-01 09:29:41] [32minfo[39m:server running on 3000 
[2025-10-01 19:36:33] [32minfo[39m:accesssecret
[2025-10-01 19:36:33] [32minfo[39m:uuid
[2025-10-01 19:37:34] [31merror[39m:jwt must be provided
[2025-10-01 19:40:27] [32minfo[39m:cache service connected
[2025-10-01 19:40:27] [32minfo[39m:server running on 3000 
[2025-10-01 19:43:05] [32minfo[39m:accesssecret
[2025-10-01 19:43:05] [32minfo[39m:uuid
[2025-10-01 19:43:10] [31merror[39m:jwt must be provided
[2025-10-01 19:47:08] [32minfo[39m:cache service connected
[2025-10-01 19:47:08] [32minfo[39m:server running on 3000 
[2025-10-01 19:47:21] [32minfo[39m:cache service connected
[2025-10-01 19:47:21] [32minfo[39m:server running on 3000 
[2025-10-01 19:48:06] [32minfo[39m:accesssecret
[2025-10-01 19:48:06] [32minfo[39m:uuid
[2025-10-01 19:48:08] [31merror[39m:jwt must be provided
[2025-10-01 22:17:51] [32minfo[39m:accesssecret
[2025-10-01 22:17:51] [32minfo[39m:uuid
[2025-10-01 22:19:47] [32minfo[39m:cache service connected
[2025-10-01 22:19:47] [32minfo[39m:server running on 3000 
[2025-10-01 22:19:49] [31merror[39m:jwt must be provided
[2025-10-01 22:19:54] [32minfo[39m:accesssecret
[2025-10-01 22:19:54] [32minfo[39m:uuid
[2025-10-01 22:20:30] [31merror[39m:jwt must be provided
[2025-10-01 22:22:03] [32minfo[39m:cache service connected
[2025-10-01 22:22:03] [32minfo[39m:server running on 3000 
[2025-10-01 22:22:07] [32minfo[39m:accesssecret
[2025-10-01 22:22:07] [32minfo[39m:uuid
[2025-10-01 22:22:09] [31merror[39m:jwt must be provided
[2025-10-01 22:22:28] [32minfo[39m:cache service connected
[2025-10-01 22:22:28] [32minfo[39m:server running on 3000 
[2025-10-01 22:22:32] [32minfo[39m:cache service connected
[2025-10-01 22:22:32] [32minfo[39m:server running on 3000 
[2025-10-01 22:22:33] [32minfo[39m:accesssecret
[2025-10-01 22:22:33] [32minfo[39m:uuid
[2025-10-01 22:22:34] [31merror[39m:jwt must be provided
[2025-10-01 22:22:44] [32minfo[39m:cache service connected
[2025-10-01 22:22:44] [32minfo[39m:server running on 3000 
[2025-10-01 22:24:15] [32minfo[39m:accesssecret
[2025-10-01 22:24:15] [32minfo[39m:uuid
[2025-10-01 22:25:00] [32minfo[39m:cache service connected
[2025-10-01 22:25:00] [32minfo[39m:server running on 3000 
[2025-10-01 22:25:00] [31merror[39m:jwt must be provided
[2025-10-01 22:25:03] [32minfo[39m:accesssecret
[2025-10-01 22:25:03] [32minfo[39m:uuid
[2025-10-01 22:26:26] [32minfo[39m:cache service connected
[2025-10-01 22:26:26] [32minfo[39m:server running on 3000 
[2025-10-01 22:26:50] [31merror[39m:jwt must be provided
[2025-10-01 22:26:53] [32minfo[39m:accesssecret
[2025-10-01 22:26:53] [32minfo[39m:uuid
[2025-10-01 22:26:59] [31merror[39m:jwt must be provided
[2025-10-01 22:30:55] [31merror[39m:invalid credentilas
[2025-10-01 22:31:06] [32minfo[39m:accesssecret
[2025-10-01 22:31:06] [32minfo[39m:uuid
[2025-10-01 22:39:20] [32minfo[39m:cache service connected
[2025-10-01 22:39:20] [32minfo[39m:server running on 3000 
[2025-10-01 22:41:05] [32minfo[39m:cache service connected
[2025-10-01 22:41:05] [32minfo[39m:server running on 3000 
[2025-10-01 22:41:10] [32minfo[39m:cache service connected
[2025-10-01 22:41:10] [32minfo[39m:server running on 3000 
[2025-10-01 22:43:24] [32minfo[39m:jti: 
[2025-10-01 22:46:12] [32minfo[39m:cache service connected
[2025-10-01 22:46:12] [32minfo[39m:server running on 3000 
[2025-10-01 22:46:21] [32minfo[39m:cache service connected
[2025-10-01 22:46:22] [32minfo[39m:server running on 3000 
[2025-10-01 22:46:27] [31merror[39m:jwt must be provided
[2025-10-01 22:47:23] [31merror[39m:jwt must be provided
[2025-10-01 22:50:49] [32minfo[39m:accesssecret
[2025-10-01 22:50:49] [32minfo[39m:uuid
[2025-10-01 22:50:52] [31merror[39m:jwt must be provided
[2025-10-01 22:51:06] [31merror[39m:jwt must be provided
[2025-10-01 22:51:13] [32minfo[39m:accesssecret
[2025-10-01 22:51:13] [32minfo[39m:uuid
[2025-10-01 22:51:22] [31merror[39m:jwt must be provided
[2025-10-01 22:51:40] [31merror[39m:jwt must be provided
[2025-10-01 22:51:45] [32minfo[39m:accesssecret
[2025-10-01 22:51:45] [32minfo[39m:uuid
[2025-10-01 22:52:20] [31merror[39m:jwt must be provided
[2025-10-01 22:53:15] [31merror[39m:jwt must be provided
[2025-10-01 23:06:07] [32minfo[39m:cache service connected
[2025-10-01 23:06:07] [32minfo[39m:server running on 3000 
[2025-10-10 17:34:09] [32minfo[39m:cache service connected
[2025-10-10 17:34:09] [32minfo[39m:server running on 3000 
[2025-10-10 22:31:14] [32minfo[39m:accesssecret
[2025-10-10 22:31:14] [32minfo[39m:uuid
[2025-10-12 19:56:08] [32minfo[39m:cache service connected
[2025-10-12 19:56:08] [32minfo[39m:server running on 3000 
[2025-10-12 19:56:41] [32minfo[39m:accesssecret
[2025-10-12 19:56:41] [32minfo[39m:uuid
[2025-10-12 19:56:41] [32minfo[39m:accesssecret
[2025-10-12 19:56:41] [32minfo[39m:uuid
[2025-10-12 20:08:05] [32minfo[39m:cache service connected
[2025-10-12 20:08:05] [32minfo[39m:server running on 3000 
[2025-10-12 20:08:10] [32minfo[39m:cache service connected
[2025-10-12 20:08:10] [32minfo[39m:server running on 3000 
[2025-10-12 20:08:15] [32minfo[39m:cache service connected
[2025-10-12 20:08:15] [32minfo[39m:server running on 3000 
[2025-10-12 20:08:40] [32minfo[39m:cache service connected
[2025-10-12 20:08:40] [32minfo[39m:server running on 3000 
[2025-10-12 20:08:48] [32minfo[39m:cache service connected
[2025-10-12 20:08:48] [32minfo[39m:server running on 3000 
[2025-10-12 20:08:57] [32minfo[39m:cache service connected
[2025-10-12 20:08:57] [32minfo[39m:server running on 3000 
[2025-10-12 20:09:09] [32minfo[39m:cache service connected
[2025-10-12 20:09:09] [32minfo[39m:server running on 3000 
[2025-10-12 20:09:33] [32minfo[39m:cache service connected
[2025-10-12 20:09:33] [32minfo[39m:server running on 3000 
[2025-10-12 20:10:27] [32minfo[39m:cache service connected
[2025-10-12 20:10:27] [32minfo[39m:server running on 3000 
[2025-10-12 20:10:36] [32minfo[39m:cache service connected
[2025-10-12 20:10:36] [32minfo[39m:server running on 3000 
[2025-10-12 20:10:42] [32minfo[39m:cache service connected
[2025-10-12 20:10:42] [32minfo[39m:server running on 3000 
[2025-10-12 20:10:59] [32minfo[39m:cache service connected
[2025-10-12 20:10:59] [32minfo[39m:server running on 3000 
[2025-10-12 20:11:09] [32minfo[39m:cache service connected
[2025-10-12 20:11:09] [32minfo[39m:server running on 3000 
[2025-10-12 20:13:39] [32minfo[39m:cache service connected
[2025-10-12 20:13:39] [32minfo[39m:server running on 3000 
[2025-10-12 20:13:47] [32minfo[39m:cache service connected
[2025-10-12 20:13:47] [32minfo[39m:server running on 3000 
[2025-10-12 20:13:59] [32minfo[39m:cache service connected
[2025-10-12 20:13:59] [32minfo[39m:server running on 3000 
[2025-10-12 20:14:36] [32minfo[39m:cache service connected
[2025-10-12 20:14:36] [32minfo[39m:server running on 3000 
[2025-10-12 20:14:59] [32minfo[39m:cache service connected
[2025-10-12 20:14:59] [32minfo[39m:server running on 3000 
[2025-10-12 20:15:12] [32minfo[39m:cache service connected
[2025-10-12 20:15:12] [32minfo[39m:server running on 3000 
[2025-10-12 20:19:30] [32minfo[39m:cache service connected
[2025-10-12 20:19:30] [32minfo[39m:server running on 3000 
[2025-10-12 20:19:38] [32minfo[39m:cache service connected
[2025-10-12 20:19:38] [32minfo[39m:server running on 3000 
[2025-10-12 20:20:04] [31merror[39m:jwt must be provided
[2025-10-12 20:20:08] [32minfo[39m:accesssecret
[2025-10-12 20:20:08] [32minfo[39m:uuid
[2025-10-13 23:31:01] [32minfo[39m:cache service connected
[2025-10-13 23:31:01] [32minfo[39m:server running on 3000 
[2025-10-13 23:31:05] [32minfo[39m:accesssecret
[2025-10-13 23:31:05] [32minfo[39m:uuid
[2025-10-13 23:50:22] [32minfo[39m:cache service connected
[2025-10-13 23:50:22] [32minfo[39m:server running on 3000 
[2025-10-14 00:08:35] [32minfo[39m:cache service connected
[2025-10-14 00:08:35] [32minfo[39m:server running on 3000 
[2025-10-15 12:11:42] [32minfo[39m:cache service connected
[2025-10-15 12:11:42] [32minfo[39m:server running on 3000 
[2025-10-15 12:11:55] [31merror[39m:jwt must be provided
[2025-10-15 12:12:01] [32minfo[39m:accesssecret
[2025-10-15 12:12:01] [32minfo[39m:uuid
[2025-10-19 20:47:40] [32minfo[39m:cache service connected
[2025-10-19 20:47:40] [32minfo[39m:server running on 3000 
[2025-10-20 00:55:25] [32minfo[39m:accesssecret
[2025-10-20 00:55:25] [32minfo[39m:uuid
[2025-10-20 13:13:18] [32minfo[39m:cache service connected
[2025-10-20 13:13:18] [32minfo[39m:server running on 3000 
[2025-10-20 22:34:33] [32minfo[39m:accesssecret
[2025-10-20 22:34:33] [32minfo[39m:uuid
[2025-10-20 22:34:49] [32minfo[39m:accesssecret
[2025-10-20 22:34:49] [32minfo[39m:uuid
[2025-10-20 22:35:52] [31merror[39m:jwt must be provided
[2025-10-20 23:14:03] [32minfo[39m:accesssecret
[2025-10-20 23:14:03] [32minfo[39m:uuid
[2025-10-20 23:14:09] [31merror[39m:jwt must be provided
[2025-10-20 23:16:18] [32minfo[39m:accesssecret
[2025-10-20 23:16:18] [32minfo[39m:uuid
[2025-10-20 23:16:19] [31merror[39m:jwt must be provided
[2025-10-20 23:19:01] [32minfo[39m:accesssecret
[2025-10-20 23:19:01] [32minfo[39m:uuid
[2025-10-20 23:19:04] [31merror[39m:jwt must be provided
[2025-10-20 23:50:02] [32minfo[39m:accesssecret
[2025-10-20 23:50:02] [32minfo[39m:uuid
[2025-10-20 23:50:05] [31merror[39m:jwt must be provided
[2025-10-20 23:50:19] [32minfo[39m:accesssecret
[2025-10-20 23:50:19] [32minfo[39m:uuid
[2025-10-20 23:50:20] [31merror[39m:jwt must be provided
[2025-10-20 23:52:05] [32minfo[39m:accesssecret
[2025-10-20 23:52:05] [32minfo[39m:uuid
[2025-10-20 23:52:15] [31merror[39m:jwt must be provided
[2025-10-20 23:52:50] [31merror[39m:No User Found
[2025-10-20 23:52:51] [31merror[39m:No User Found
[2025-10-20 23:52:59] [32minfo[39m:accesssecret
[2025-10-20 23:52:59] [32minfo[39m:uuid
[2025-10-20 23:53:16] [31merror[39m:jwt must be provided
[2025-10-20 23:57:50] [32minfo[39m:accesssecret
[2025-10-20 23:57:50] [32minfo[39m:uuid
[2025-10-20 23:57:52] [31merror[39m:jwt must be provided
[2025-10-21 00:00:43] [32minfo[39m:accesssecret
[2025-10-21 00:00:43] [32minfo[39m:uuid
[2025-10-21 00:00:44] [31merror[39m:jwt must be provided
[2025-10-21 00:01:59] [32minfo[39m:accesssecret
[2025-10-21 00:01:59] [32minfo[39m:uuid
[2025-10-21 00:02:00] [31merror[39m:jwt must be provided
[2025-10-21 00:02:40] [32minfo[39m:accesssecret
[2025-10-21 00:02:40] [32minfo[39m:uuid
[2025-10-21 00:02:44] [31merror[39m:jwt must be provided
[2025-10-21 00:12:05] [32minfo[39m:accesssecret
[2025-10-21 00:12:05] [32minfo[39m:uuid
[2025-10-21 00:12:39] [32minfo[39m:accesssecret
[2025-10-21 00:12:39] [32minfo[39m:uuid
[2025-10-21 00:13:09] [31merror[39m:jwt must be provided
[2025-10-21 00:13:27] [32minfo[39m:accesssecret
[2025-10-21 00:13:27] [32minfo[39m:uuid
[2025-10-21 00:13:29] [31merror[39m:jwt must be provided
[2025-10-21 00:13:58] [32minfo[39m:accesssecret
[2025-10-21 00:13:58] [32minfo[39m:uuid
[2025-10-21 00:13:59] [31merror[39m:jwt must be provided
[2025-10-21 00:14:13] [32minfo[39m:accesssecret
[2025-10-21 00:14:13] [32minfo[39m:uuid
[2025-10-21 00:14:16] [31merror[39m:jwt must be provided
[2025-10-21 00:19:16] [32minfo[39m:accesssecret
[2025-10-21 00:19:16] [32minfo[39m:uuid
[2025-10-21 00:19:19] [31merror[39m:jwt must be provided
[2025-10-21 00:22:39] [32minfo[39m:accesssecret
[2025-10-21 00:22:39] [32minfo[39m:uuid
[2025-10-21 09:27:54] [32minfo[39m:cache service connected
[2025-10-21 09:27:54] [32minfo[39m:server running on 3000 
[2025-10-21 10:54:29] [32minfo[39m:cache service connected
[2025-10-21 10:54:29] [32minfo[39m:server running on 3000 
[2025-10-24 11:17:53] [32minfo[39m:cache service connected
[2025-10-24 11:17:53] [32minfo[39m:server running on 3000 
[2025-10-24 13:50:57] [32minfo[39m:cache service connected
[2025-10-24 13:51:20] [32minfo[39m:cache service connected
[2025-10-24 13:51:36] [32minfo[39m:cache service connected
[2025-10-24 13:52:05] [32minfo[39m:cache service connected
[2025-10-24 14:34:29] [32minfo[39m:cache service connected
[2025-10-24 14:34:51] [32minfo[39m:cache service connected
[2025-10-24 14:34:58] [32minfo[39m:cache service connected
[2025-10-24 14:35:02] [32minfo[39m:cache service connected
[2025-10-24 14:35:34] [32minfo[39m:cache service connected
[2025-10-24 14:35:42] [32minfo[39m:cache service connected
[2025-10-24 14:36:04] [32minfo[39m:cache service connected
[2025-10-24 14:36:16] [32minfo[39m:cache service connected
[2025-10-24 14:36:32] [32minfo[39m:cache service connected
[2025-10-24 14:36:51] [32minfo[39m:cache service connected
[2025-10-24 14:37:22] [32minfo[39m:cache service connected
[2025-10-24 14:37:30] [32minfo[39m:cache service connected
[2025-10-24 14:56:31] [32minfo[39m:cache service connected
[2025-10-24 14:56:55] [32minfo[39m:cache service connected
[2025-10-24 14:57:00] [32minfo[39m:cache service connected
[2025-10-24 14:57:21] [32minfo[39m:cache service connected
[2025-10-24 14:57:25] [32minfo[39m:cache service connected
[2025-10-24 14:57:57] [32minfo[39m:cache service connected
[2025-10-24 14:58:02] [32minfo[39m:cache service connected
[2025-10-24 14:58:20] [32minfo[39m:cache service connected
[2025-10-24 14:59:05] [32minfo[39m:cache service connected
[2025-10-24 14:59:05] [32minfo[39m:server running on 3000 
[2025-10-24 14:59:08] [32minfo[39m:cache service connected
[2025-10-24 14:59:08] [32minfo[39m:server running on 3000 
[2025-10-24 14:59:18] [32minfo[39m:cache service connected
[2025-10-24 14:59:18] [32minfo[39m:server running on 3000 
[2025-10-24 15:00:14] [32minfo[39m:cache service connected
[2025-10-24 15:00:14] [32minfo[39m:server running on 3000 
[2025-10-24 15:25:30] [32minfo[39m:cache service connected
[2025-10-24 15:25:30] [32minfo[39m:server running on 3000 
[2025-10-24 15:26:40] [32minfo[39m:cache service connected
[2025-10-24 15:26:40] [32minfo[39m:server running on 3000 
[2025-10-24 15:26:46] [32minfo[39m:cache service connected
[2025-10-24 15:26:46] [32minfo[39m:server running on 3000 
[2025-10-24 15:26:58] [32minfo[39m:cache service connected
[2025-10-24 15:26:58] [32minfo[39m:server running on 3000 
[2025-10-24 15:32:24] [32minfo[39m:cache service connected
[2025-10-24 15:32:24] [32minfo[39m:server running on 3000 
[2025-10-24 15:32:57] [32minfo[39m:cache service connected
[2025-10-24 15:32:57] [32minfo[39m:server running on 3000 
[2025-10-24 15:33:27] [32minfo[39m:cache service connected
[2025-10-24 15:33:27] [32minfo[39m:server running on 3000 
[2025-10-24 15:33:56] [32minfo[39m:cache service connected
[2025-10-24 15:33:56] [32minfo[39m:server running on 3000 
[2025-10-24 15:34:00] [32minfo[39m:cache service connected
[2025-10-24 15:34:00] [32minfo[39m:server running on 3000 
[2025-10-24 15:36:54] [32minfo[39m:cache service connected
[2025-10-24 15:36:54] [32minfo[39m:server running on 3000 
[2025-10-24 15:36:59] [32minfo[39m:cache service connected
[2025-10-24 15:36:59] [32minfo[39m:server running on 3000 
[2025-10-24 15:37:09] [32minfo[39m:cache service connected
[2025-10-24 15:37:09] [32minfo[39m:server running on 3000 
[2025-10-24 15:37:19] [32minfo[39m:cache service connected
[2025-10-24 15:37:19] [32minfo[39m:server running on 3000 
[2025-10-24 15:37:59] [32minfo[39m:cache service connected
[2025-10-24 15:37:59] [32minfo[39m:server running on 3000 
[2025-10-24 15:38:51] [32minfo[39m:cache service connected
[2025-10-24 15:38:51] [32minfo[39m:server running on 3000 
[2025-10-24 15:39:05] [32minfo[39m:cache service connected
[2025-10-24 15:39:05] [32minfo[39m:server running on 3000 
[2025-10-24 15:39:14] [32minfo[39m:cache service connected
[2025-10-24 15:39:14] [32minfo[39m:server running on 3000 
[2025-10-24 15:39:40] [32minfo[39m:cache service connected
[2025-10-24 15:39:40] [32minfo[39m:server running on 3000 
[2025-10-24 15:39:45] [32minfo[39m:cache service connected
[2025-10-24 15:39:45] [32minfo[39m:server running on 3000 
[2025-10-24 15:39:50] [32minfo[39m:cache service connected
[2025-10-24 15:39:51] [32minfo[39m:server running on 3000 
[2025-10-24 15:41:13] [32minfo[39m:cache service connected
[2025-10-24 15:41:13] [32minfo[39m:server running on 3000 
[2025-10-24 15:41:23] [32minfo[39m:cache service connected
[2025-10-24 15:41:23] [32minfo[39m:server running on 3000 
[2025-10-24 15:41:31] [32minfo[39m:cache service connected
[2025-10-24 15:41:31] [32minfo[39m:server running on 3000 
[2025-10-24 15:41:48] [32minfo[39m:cache service connected
[2025-10-24 15:41:48] [32minfo[39m:server running on 3000 
[2025-10-24 15:42:08] [32minfo[39m:cache service connected
[2025-10-24 15:42:08] [32minfo[39m:server running on 3000 
[2025-10-24 15:42:27] [32minfo[39m:cache service connected
[2025-10-24 15:42:27] [32minfo[39m:server running on 3000 
[2025-10-25 22:52:45] [32minfo[39m:cache service connected
[2025-10-25 22:52:45] [32minfo[39m:server running on 3000 
[2025-10-25 23:32:43] [32minfo[39m:cache service connected
[2025-10-25 23:32:43] [32minfo[39m:server running on 3000 
[2025-10-29 17:46:32] [32minfo[39m:cache service connected
[2025-10-29 17:46:32] [32minfo[39m:server running on 3000 
[2025-10-30 01:06:54] [32minfo[39m:cache service connected
[2025-10-30 01:06:54] [32minfo[39m:server running on 3000 
[2025-10-30 01:07:27] [32minfo[39m:cache service connected
[2025-10-30 01:07:30] [32minfo[39m:cache service connected
[2025-10-30 01:07:43] [32minfo[39m:cache service connected
[2025-10-30 01:08:25] [32minfo[39m:cache service connected
[2025-10-30 01:08:25] [32minfo[39m:server running on 3000 
[2025-10-30 01:08:35] [32minfo[39m:cache service connected
[2025-10-30 01:08:35] [32minfo[39m:server running on 3000 
[2025-10-30 01:08:45] [32minfo[39m:cache service connected
[2025-10-30 01:08:45] [32minfo[39m:server running on 3000 
[2025-10-30 01:09:25] [32minfo[39m:cache service connected
[2025-10-30 01:09:25] [32minfo[39m:server running on 3000 
[2025-10-30 01:09:33] [32minfo[39m:cache service connected
[2025-10-30 01:09:33] [32minfo[39m:server running on 3000 
[2025-10-30 01:09:37] [32minfo[39m:cache service connected
[2025-10-30 01:09:37] [32minfo[39m:server running on 3000 
[2025-10-30 01:10:02] [32minfo[39m:cache service connected
[2025-10-30 01:10:02] [32minfo[39m:server running on 3000 
[2025-10-30 01:10:18] [32minfo[39m:cache service connected
[2025-10-30 01:10:18] [32minfo[39m:server running on 3000 
[2025-10-30 01:10:57] [32minfo[39m:cache service connected
[2025-10-30 01:10:57] [32minfo[39m:server running on 3000 
[2025-10-30 01:11:04] [32minfo[39m:cache service connected
[2025-10-30 01:11:04] [32minfo[39m:server running on 3000 
[2025-10-30 09:05:31] [32minfo[39m:cache service connected
[2025-10-30 09:05:31] [32minfo[39m:server running on 3000 
[2025-11-01 14:14:55] [32minfo[39m:cache service connected
[2025-11-01 14:14:55] [32minfo[39m:server running on 3000 
[2025-11-01 14:15:05] [32minfo[39m:cache service connected
[2025-11-01 14:15:05] [32minfo[39m:server running on 3000 
[2025-11-01 14:16:16] [32minfo[39m:accesssecret
[2025-11-01 14:16:16] [32minfo[39m:uuid
[2025-11-01 14:16:48] [32minfo[39m:cache service connected
[2025-11-01 14:16:48] [32minfo[39m:server running on 3000 
[2025-11-01 14:16:55] [32minfo[39m:cache service connected
[2025-11-01 14:16:55] [32minfo[39m:server running on 3000 
[2025-11-01 14:17:02] [32minfo[39m:cache service connected
[2025-11-01 14:17:02] [32minfo[39m:server running on 3000 
[2025-11-01 14:17:45] [32minfo[39m:cache service connected
[2025-11-01 14:17:45] [32minfo[39m:server running on 3000 
[2025-11-01 14:19:36] [32minfo[39m:cache service connected
[2025-11-01 14:19:36] [32minfo[39m:server running on 3000 
[2025-11-01 14:19:42] [32minfo[39m:accesssecret
[2025-11-01 14:19:42] [32minfo[39m:uuid
[2025-11-01 14:22:33] [32minfo[39m:cache service connected
[2025-11-01 14:22:33] [32minfo[39m:server running on 3000 
[2025-11-01 14:23:15] [32minfo[39m:cache service connected
[2025-11-01 14:23:15] [32minfo[39m:server running on 3000 
[2025-11-01 14:23:54] [32minfo[39m:cache service connected
[2025-11-01 14:23:54] [32minfo[39m:server running on 3000 
[2025-11-01 14:24:07] [32minfo[39m:cache service connected
[2025-11-01 14:24:07] [32minfo[39m:server running on 3000 
[2025-11-01 14:24:15] [32minfo[39m:cache service connected
[2025-11-01 14:24:15] [32minfo[39m:server running on 3000 
[2025-11-01 14:31:25] [32minfo[39m:cache service connected
[2025-11-01 14:31:25] [32minfo[39m:server running on 3000 
[2025-11-01 14:31:43] [32minfo[39m:cache service connected
[2025-11-01 14:31:43] [32minfo[39m:server running on 3000 
[2025-11-01 14:34:12] [32minfo[39m:cache service connected
[2025-11-01 14:34:12] [32minfo[39m:server running on 3000 
[2025-11-01 14:35:28] [32minfo[39m:cache service connected
[2025-11-01 14:35:28] [32minfo[39m:server running on 3000 
[2025-11-01 14:35:34] [32minfo[39m:cache service connected
[2025-11-01 14:35:34] [32minfo[39m:server running on 3000 
[2025-11-01 14:35:42] [32minfo[39m:cache service connected
[2025-11-01 14:35:42] [32minfo[39m:server running on 3000 
[2025-11-01 14:36:27] [32minfo[39m:cache service connected
[2025-11-01 14:36:27] [32minfo[39m:server running on 3000 
[2025-11-01 14:37:36] [32minfo[39m:cache service connected
[2025-11-01 14:37:36] [32minfo[39m:server running on 3000 
[2025-11-01 14:37:40] [32minfo[39m:cache service connected
[2025-11-01 14:37:40] [32minfo[39m:server running on 3000 
[2025-11-01 16:56:45] [32minfo[39m:cache service connected
[2025-11-01 16:56:45] [32minfo[39m:server running on 3000 
[2025-11-01 16:57:02] [32minfo[39m:cache service connected
[2025-11-01 16:57:02] [32minfo[39m:server running on 3000 
[2025-11-01 16:57:09] [32minfo[39m:cache service connected
[2025-11-01 16:57:09] [32minfo[39m:server running on 3000 
[2025-11-01 16:57:26] [32minfo[39m:cache service connected
[2025-11-01 16:57:26] [32minfo[39m:server running on 3000 
[2025-11-01 16:57:30] [32minfo[39m:cache service connected
[2025-11-01 16:57:30] [32minfo[39m:server running on 3000 
[2025-11-01 16:57:35] [32minfo[39m:cache service connected
[2025-11-01 16:57:35] [32minfo[39m:server running on 3000 
[2025-11-01 16:58:08] [32minfo[39m:cache service connected
[2025-11-01 16:58:08] [32minfo[39m:server running on 3000 
[2025-11-01 16:58:13] [32minfo[39m:cache service connected
[2025-11-01 16:58:13] [32minfo[39m:server running on 3000 
[2025-11-01 17:20:45] [32minfo[39m:cache service connected
[2025-11-01 17:20:45] [32minfo[39m:server running on 3000 
[2025-11-01 17:20:54] [32minfo[39m:cache service connected
[2025-11-01 17:20:54] [32minfo[39m:server running on 3000 
[2025-11-01 17:21:03] [32minfo[39m:cache service connected
[2025-11-01 17:21:03] [32minfo[39m:server running on 3000 
[2025-11-01 17:24:01] [32minfo[39m:cache service connected
[2025-11-01 17:24:01] [32minfo[39m:server running on 3000 
[2025-11-01 17:26:40] [32minfo[39m:cache service connected
[2025-11-01 17:26:40] [32minfo[39m:server running on 3000 
[2025-11-02 00:42:01] [32minfo[39m:cache service connected
[2025-11-02 00:42:01] [32minfo[39m:server running on 3000 
[2025-11-02 00:42:27] [32minfo[39m:cache service connected
[2025-11-02 00:42:27] [32minfo[39m:server running on 3000 
[2025-11-02 00:44:31] [32minfo[39m:cache service connected
[2025-11-02 00:44:31] [32minfo[39m:server running on 3000 
[2025-11-02 00:46:58] [32minfo[39m:cache service connected
[2025-11-02 00:46:58] [32minfo[39m:server running on 3000 
[2025-11-02 00:47:13] [32minfo[39m:cache service connected
[2025-11-02 00:47:13] [32minfo[39m:server running on 3000 
[2025-11-02 00:47:20] [32minfo[39m:cache service connected
[2025-11-02 00:47:20] [32minfo[39m:server running on 3000 
[2025-11-02 00:47:57] [32minfo[39m:cache service connected
[2025-11-02 00:47:57] [32minfo[39m:server running on 3000 
[2025-11-02 00:51:06] [32minfo[39m:cache service connected
[2025-11-02 00:51:06] [32minfo[39m:server running on 3000 
[2025-11-02 00:51:10] [32minfo[39m:cache service connected
[2025-11-02 00:51:10] [32minfo[39m:server running on 3000 
[2025-11-02 01:02:44] [32minfo[39m:cache service connected
[2025-11-02 01:02:44] [32minfo[39m:server running on 3000 
[2025-11-02 01:16:27] [32minfo[39m:cache service connected
[2025-11-02 01:16:27] [32minfo[39m:server running on 3000 
[2025-11-02 01:18:35] [32minfo[39m:cache service connected
[2025-11-02 01:18:35] [32minfo[39m:server running on 3000 
[2025-11-02 01:19:14] [32minfo[39m:cache service connected
[2025-11-02 01:19:14] [32minfo[39m:server running on 3000 
[2025-11-02 01:19:43] [32minfo[39m:cache service connected
[2025-11-02 01:19:43] [32minfo[39m:server running on 3000 
[2025-11-02 08:36:47] [32minfo[39m:cache service connected
[2025-11-02 08:36:47] [32minfo[39m:server running on 3000 
[2025-11-02 08:37:21] [32minfo[39m:cache service connected
[2025-11-02 08:37:21] [32minfo[39m:server running on 3000 
[2025-11-02 10:08:05] [32minfo[39m:accesssecret
[2025-11-02 10:08:05] [32minfo[39m:uuid
[2025-11-02 10:08:42] [32minfo[39m:accesssecret
[2025-11-02 10:08:42] [32minfo[39m:uuid
[2025-11-02 10:08:49] [32minfo[39m:accesssecret
[2025-11-02 10:08:49] [32minfo[39m:uuid
[2025-11-02 10:28:36] [32minfo[39m:accesssecret
[2025-11-02 10:28:36] [32minfo[39m:uuid
[2025-11-02 10:28:57] [32minfo[39m:accesssecret
[2025-11-02 10:28:57] [32minfo[39m:uuid
[2025-11-02 10:29:08] [32minfo[39m:accesssecret
[2025-11-02 10:29:08] [32minfo[39m:uuid
[2025-11-02 10:30:09] [32minfo[39m:accesssecret
[2025-11-02 10:30:09] [32minfo[39m:uuid
[2025-11-02 10:31:49] [32minfo[39m:cache service connected
[2025-11-02 10:31:49] [32minfo[39m:server running on 3000 
[2025-11-02 10:31:55] [32minfo[39m:cache service connected
[2025-11-02 10:31:55] [32minfo[39m:server running on 3000 
[2025-11-02 10:32:44] [32minfo[39m:accesssecret
[2025-11-02 10:32:44] [32minfo[39m:uuid
[2025-11-02 23:15:27] [32minfo[39m:cache service connected
[2025-11-02 23:15:27] [32minfo[39m:server running on 3000 
[2025-11-02 23:15:52] [32minfo[39m:cache service connected
[2025-11-02 23:15:52] [32minfo[39m:server running on 3000 
[2025-11-02 23:17:54] [32minfo[39m:cache service connected
[2025-11-02 23:17:54] [32minfo[39m:server running on 3000 
[2025-11-03 10:43:13] [32minfo[39m:cache service connected
[2025-11-03 10:43:13] [32minfo[39m:server running on 3000 
[2025-11-03 10:43:32] [32minfo[39m:cache service connected
[2025-11-03 10:43:32] [32minfo[39m:server running on 3000 
[2025-11-03 10:43:48] [32minfo[39m:cache service connected
[2025-11-03 10:43:48] [32minfo[39m:server running on 3000 
[2025-11-03 10:44:18] [32minfo[39m:accesssecret
[2025-11-03 10:44:18] [32minfo[39m:uuid
[2025-11-03 11:30:55] [32minfo[39m:accesssecret
[2025-11-03 11:30:56] [32minfo[39m:uuid
[2025-11-03 11:31:06] [32minfo[39m:accesssecret
[2025-11-03 11:31:06] [32minfo[39m:uuid
[2025-11-03 11:31:06] [32minfo[39m:accesssecret
[2025-11-03 11:31:06] [32minfo[39m:uuid
[2025-11-03 11:31:09] [32minfo[39m:accesssecret
[2025-11-03 11:31:09] [32minfo[39m:uuid
[2025-11-03 11:31:11] [32minfo[39m:accesssecret
[2025-11-03 11:31:11] [32minfo[39m:uuid
[2025-11-03 11:31:14] [32minfo[39m:accesssecret
[2025-11-03 11:31:14] [32minfo[39m:uuid
[2025-11-03 11:33:13] [31merror[39m:No User Found
[2025-11-03 11:33:26] [31merror[39m:No User Found
[2025-11-03 11:34:45] [32minfo[39m:accesssecret
[2025-11-03 11:34:45] [32minfo[39m:uuid
[2025-11-03 11:50:41] [31merror[39m:No User Found
[2025-11-03 11:54:05] [31merror[39m:No User Found
[2025-11-03 11:54:08] [32minfo[39m:accesssecret
[2025-11-03 11:54:08] [32minfo[39m:uuid
[2025-11-03 11:54:21] [32minfo[39m:accesssecret
[2025-11-03 11:54:21] [32minfo[39m:uuid
[2025-11-03 11:55:31] [32minfo[39m:accesssecret
[2025-11-03 11:55:31] [32minfo[39m:uuid
[2025-11-03 12:07:55] [32minfo[39m:accesssecret
[2025-11-03 12:07:55] [32minfo[39m:uuid
[2025-11-03 12:08:01] [32minfo[39m:accesssecret
[2025-11-03 12:08:01] [32minfo[39m:uuid
[2025-11-03 12:08:05] [32minfo[39m:accesssecret
[2025-11-03 12:08:05] [32minfo[39m:uuid
[2025-11-03 12:08:07] [32minfo[39m:accesssecret
[2025-11-03 12:08:07] [32minfo[39m:uuid
[2025-11-03 12:08:08] [32minfo[39m:accesssecret
[2025-11-03 12:08:08] [32minfo[39m:uuid
[2025-11-03 12:08:09] [32minfo[39m:accesssecret
[2025-11-03 12:08:09] [32minfo[39m:uuid
[2025-11-03 14:18:52] [32minfo[39m:accesssecret
[2025-11-03 14:18:52] [32minfo[39m:uuid
[2025-11-03 14:18:52] [32minfo[39m:accesssecret
[2025-11-03 14:18:52] [32minfo[39m:uuid
[2025-11-03 14:18:55] [32minfo[39m:accesssecret
[2025-11-03 14:18:55] [32minfo[39m:uuid
[2025-11-03 14:18:58] [32minfo[39m:accesssecret
[2025-11-03 14:18:58] [32minfo[39m:uuid
[2025-11-03 21:20:10] [32minfo[39m:accesssecret
[2025-11-03 21:20:10] [32minfo[39m:uuid
[2025-11-03 21:20:11] [32minfo[39m:accesssecret
[2025-11-03 21:20:11] [32minfo[39m:uuid
[2025-11-03 21:26:34] [32minfo[39m:accesssecret
[2025-11-03 21:26:34] [32minfo[39m:uuid
[2025-11-03 21:26:34] [32minfo[39m:accesssecret
[2025-11-03 21:26:34] [32minfo[39m:uuid
[2025-11-03 21:33:33] [32minfo[39m:accesssecret
[2025-11-03 21:33:33] [32minfo[39m:uuid
[2025-11-03 21:33:33] [32minfo[39m:accesssecret
[2025-11-03 21:33:33] [32minfo[39m:uuid
[2025-11-03 22:03:27] [32minfo[39m:accesssecret
[2025-11-03 22:03:27] [32minfo[39m:uuid
[2025-11-03 22:03:27] [32minfo[39m:accesssecret
[2025-11-03 22:03:27] [32minfo[39m:uuid
[2025-11-03 22:03:43] [32minfo[39m:accesssecret
[2025-11-03 22:03:43] [32minfo[39m:uuid
[2025-11-03 22:13:28] [32minfo[39m:accesssecret
[2025-11-03 22:13:28] [32minfo[39m:uuid
[2025-11-03 22:13:29] [32minfo[39m:accesssecret
[2025-11-03 22:13:29] [32minfo[39m:uuid
[2025-11-03 22:23:52] [32minfo[39m:accesssecret
[2025-11-03 22:23:52] [32minfo[39m:uuid
[2025-11-03 22:23:52] [32minfo[39m:accesssecret
[2025-11-03 22:23:52] [32minfo[39m:uuid
[2025-11-04 00:38:26] [32minfo[39m:accesssecret
[2025-11-04 00:38:26] [32minfo[39m:uuid
[2025-11-04 00:38:26] [32minfo[39m:accesssecret
[2025-11-04 00:38:26] [32minfo[39m:uuid
[2025-11-04 00:38:40] [32minfo[39m:accesssecret
[2025-11-04 00:38:40] [32minfo[39m:uuid
[2025-11-04 00:38:40] [32minfo[39m:accesssecret
[2025-11-04 00:38:40] [32minfo[39m:uuid
[2025-11-04 00:47:57] [32minfo[39m:accesssecret
[2025-11-04 00:47:57] [32minfo[39m:uuid
[2025-11-04 00:48:17] [32minfo[39m:accesssecret
[2025-11-04 00:48:17] [32minfo[39m:uuid
[2025-11-04 00:56:41] [32minfo[39m:accesssecret
[2025-11-04 00:56:41] [32minfo[39m:uuid
[2025-11-04 00:57:48] [32minfo[39m:accesssecret
[2025-11-04 00:57:48] [32minfo[39m:uuid
[2025-11-04 00:58:09] [32minfo[39m:accesssecret
[2025-11-04 00:58:09] [32minfo[39m:uuid
[2025-11-04 00:58:13] [32minfo[39m:accesssecret
[2025-11-04 00:58:13] [32minfo[39m:uuid
[2025-11-04 00:58:23] [32minfo[39m:accesssecret
[2025-11-04 00:58:23] [32minfo[39m:uuid
[2025-11-04 00:58:48] [32minfo[39m:accesssecret
[2025-11-04 00:58:48] [32minfo[39m:uuid
[2025-11-04 00:59:01] [32minfo[39m:accesssecret
[2025-11-04 00:59:01] [32minfo[39m:uuid
[2025-11-04 00:59:04] [32minfo[39m:accesssecret
[2025-11-04 00:59:04] [32minfo[39m:uuid
[2025-11-04 00:59:26] [32minfo[39m:accesssecret
[2025-11-04 00:59:26] [32minfo[39m:uuid
[2025-11-04 00:59:27] [32minfo[39m:accesssecret
[2025-11-04 00:59:27] [32minfo[39m:uuid
[2025-11-04 01:25:56] [32minfo[39m:accesssecret
[2025-11-04 01:25:56] [32minfo[39m:uuid
[2025-11-04 01:26:17] [32minfo[39m:accesssecret
[2025-11-04 01:26:17] [32minfo[39m:uuid
[2025-11-04 01:28:15] [32minfo[39m:accesssecret
[2025-11-04 01:28:15] [32minfo[39m:uuid
[2025-11-04 01:28:25] [32minfo[39m:accesssecret
[2025-11-04 01:28:25] [32minfo[39m:uuid
[2025-11-04 09:33:54] [32minfo[39m:cache service connected
[2025-11-04 09:33:54] [32minfo[39m:server running on 3000 
[2025-11-04 14:04:31] [32minfo[39m:accesssecret
[2025-11-04 14:04:31] [32minfo[39m:uuid
[2025-11-04 14:04:31] [32minfo[39m:accesssecret
[2025-11-04 14:04:31] [32minfo[39m:uuid
[2025-11-04 14:04:31] [32minfo[39m:accesssecret
[2025-11-04 14:04:31] [32minfo[39m:uuid
[2025-11-04 14:04:42] [32minfo[39m:accesssecret
[2025-11-04 14:04:42] [32minfo[39m:uuid
[2025-11-04 14:04:42] [32minfo[39m:accesssecret
[2025-11-04 14:04:42] [32minfo[39m:uuid
[2025-11-04 14:40:02] [32minfo[39m:accesssecret
[2025-11-04 14:40:02] [32minfo[39m:uuid
[2025-11-04 14:40:02] [32minfo[39m:accesssecret
[2025-11-04 14:40:02] [32minfo[39m:uuid
[2025-11-04 14:40:22] [32minfo[39m:accesssecret
[2025-11-04 14:40:22] [32minfo[39m:uuid
[2025-11-04 14:40:22] [32minfo[39m:accesssecret
[2025-11-04 14:40:22] [32minfo[39m:uuid
[2025-11-05 18:54:19] [32minfo[39m:cache service connected
[2025-11-05 18:54:19] [32minfo[39m:server running on 3000 
[2025-11-06 00:14:03] [32minfo[39m:cache service connected
[2025-11-06 00:14:03] [32minfo[39m:server running on 3000 
[2025-11-06 00:14:13] [32minfo[39m:cache service connected
[2025-11-06 00:14:13] [32minfo[39m:server running on 3000 
[2025-11-06 00:15:10] [32minfo[39m:cache service connected
[2025-11-06 00:15:10] [32minfo[39m:server running on 3000 
[2025-11-06 00:15:20] [32minfo[39m:cache service connected
[2025-11-06 00:15:20] [32minfo[39m:server running on 3000 
[2025-11-06 00:15:32] [32minfo[39m:cache service connected
[2025-11-06 00:15:32] [32minfo[39m:server running on 3000 
[2025-11-06 00:15:42] [32minfo[39m:cache service connected
[2025-11-06 00:15:42] [32minfo[39m:server running on 3000 
[2025-11-06 00:17:45] [32minfo[39m:cache service connected
[2025-11-06 00:17:45] [32minfo[39m:server running on 3000 
[2025-11-06 00:17:53] [32minfo[39m:cache service connected
[2025-11-06 00:17:53] [32minfo[39m:server running on 3000 
[2025-11-06 00:18:25] [32minfo[39m:cache service connected
[2025-11-06 00:18:25] [32minfo[39m:server running on 3000 
[2025-11-06 00:18:32] [32minfo[39m:cache service connected
[2025-11-06 00:18:32] [32minfo[39m:server running on 3000 
[2025-11-06 01:32:11] [32minfo[39m:cache service connected
[2025-11-06 01:32:11] [32minfo[39m:server running on 3000 
[2025-11-06 01:36:04] [32minfo[39m:cache service connected
[2025-11-06 01:36:04] [32minfo[39m:server running on 3000 
[2025-11-06 01:36:24] [32minfo[39m:cache service connected
[2025-11-06 01:36:24] [32minfo[39m:server running on 3000 
[2025-11-06 01:36:57] [32minfo[39m:cache service connected
[2025-11-06 01:36:57] [32minfo[39m:server running on 3000 
[2025-11-06 01:37:24] [32minfo[39m:cache service connected
[2025-11-06 01:37:24] [32minfo[39m:server running on 3000 
[2025-11-06 01:37:38] [32minfo[39m:cache service connected
[2025-11-06 01:37:38] [32minfo[39m:server running on 3000 
[2025-11-06 01:38:09] [32minfo[39m:cache service connected
[2025-11-06 01:38:09] [32minfo[39m:server running on 3000 
[2025-11-06 01:39:57] [32minfo[39m:cache service connected
[2025-11-06 01:39:57] [32minfo[39m:server running on 3000 
[2025-11-06 01:40:03] [32minfo[39m:cache service connected
[2025-11-06 01:40:03] [32minfo[39m:server running on 3000 
[2025-11-06 01:40:49] [32minfo[39m:cache service connected
[2025-11-06 01:40:49] [32minfo[39m:server running on 3000 
[2025-11-06 01:55:50] [32minfo[39m:cache service connected
[2025-11-06 01:55:50] [32minfo[39m:server running on 3000 
[2025-11-06 01:56:29] [32minfo[39m:cache service connected
[2025-11-06 01:56:29] [32minfo[39m:server running on 3000 
[2025-11-06 01:56:34] [32minfo[39m:cache service connected
[2025-11-06 01:56:34] [32minfo[39m:server running on 3000 
[2025-11-06 01:56:48] [32minfo[39m:cache service connected
[2025-11-06 01:56:48] [32minfo[39m:server running on 3000 
[2025-11-06 01:57:05] [32minfo[39m:cache service connected
[2025-11-06 01:57:05] [32minfo[39m:server running on 3000 
[2025-11-06 01:57:21] [32minfo[39m:cache service connected
[2025-11-06 01:57:21] [32minfo[39m:server running on 3000 
[2025-11-06 01:59:42] [32minfo[39m:cache service connected
[2025-11-06 01:59:42] [32minfo[39m:server running on 3000 
[2025-11-06 01:59:50] [32minfo[39m:cache service connected
[2025-11-06 01:59:50] [32minfo[39m:server running on 3000 
[2025-11-06 02:01:51] [32minfo[39m:cache service connected
[2025-11-06 02:01:51] [32minfo[39m:server running on 3000 
[2025-11-06 02:02:04] [32minfo[39m:cache service connected
[2025-11-06 02:02:04] [32minfo[39m:server running on 3000 
[2025-11-06 02:03:56] [32minfo[39m:cache service connected
[2025-11-06 02:03:56] [32minfo[39m:server running on 3000 
[2025-11-06 02:04:24] [32minfo[39m:cache service connected
[2025-11-06 02:04:24] [32minfo[39m:server running on 3000 
[2025-11-06 02:04:31] [32minfo[39m:cache service connected
[2025-11-06 02:04:31] [32minfo[39m:server running on 3000 
[2025-11-06 02:04:38] [32minfo[39m:cache service connected
[2025-11-06 02:04:38] [32minfo[39m:server running on 3000 
[2025-11-06 02:04:58] [32minfo[39m:cache service connected
[2025-11-06 02:04:58] [32minfo[39m:server running on 3000 
[2025-11-06 02:05:28] [32minfo[39m:cache service connected
[2025-11-06 02:05:28] [32minfo[39m:server running on 3000 
[2025-11-06 02:05:39] [32minfo[39m:cache service connected
[2025-11-06 02:05:39] [32minfo[39m:server running on 3000 
[2025-11-06 02:05:42] [32minfo[39m:cache service connected
[2025-11-06 02:05:42] [32minfo[39m:server running on 3000 
[2025-11-06 02:06:05] [32minfo[39m:cache service connected
[2025-11-06 02:06:05] [32minfo[39m:server running on 3000 
[2025-11-06 02:06:08] [32minfo[39m:cache service connected
[2025-11-06 02:06:08] [32minfo[39m:server running on 3000 
[2025-11-06 02:06:46] [32minfo[39m:cache service connected
[2025-11-06 02:06:46] [32minfo[39m:server running on 3000 
[2025-11-06 02:06:49] [32minfo[39m:cache service connected
[2025-11-06 02:06:49] [32minfo[39m:server running on 3000 
[2025-11-06 02:08:22] [32minfo[39m:cache service connected
[2025-11-06 02:08:22] [32minfo[39m:server running on 3000 
[2025-11-06 02:08:50] [32minfo[39m:cache service connected
[2025-11-06 02:08:50] [32minfo[39m:server running on 3000 
[2025-11-06 02:09:03] [32minfo[39m:cache service connected
[2025-11-06 02:09:03] [32minfo[39m:server running on 3000 
[2025-11-06 02:09:19] [32minfo[39m:cache service connected
[2025-11-06 02:09:19] [32minfo[39m:server running on 3000 
[2025-11-06 02:09:38] [32minfo[39m:cache service connected
[2025-11-06 02:09:38] [32minfo[39m:server running on 3000 
[2025-11-06 02:09:45] [32minfo[39m:cache service connected
[2025-11-06 02:09:45] [32minfo[39m:server running on 3000 
[2025-11-06 02:10:24] [32minfo[39m:cache service connected
[2025-11-06 02:10:24] [32minfo[39m:server running on 3000 
[2025-11-06 02:10:55] [32minfo[39m:cache service connected
[2025-11-06 02:10:55] [32minfo[39m:server running on 3000 
[2025-11-06 02:11:01] [32minfo[39m:cache service connected
[2025-11-06 02:11:01] [32minfo[39m:server running on 3000 
[2025-11-06 02:11:07] [32minfo[39m:cache service connected
[2025-11-06 02:11:07] [32minfo[39m:server running on 3000 
[2025-11-06 02:11:12] [32minfo[39m:cache service connected
[2025-11-06 02:11:12] [32minfo[39m:server running on 3000 
[2025-11-06 02:11:15] [32minfo[39m:cache service connected
[2025-11-06 02:11:15] [32minfo[39m:server running on 3000 
[2025-11-06 02:11:36] [32minfo[39m:cache service connected
[2025-11-06 02:11:36] [32minfo[39m:server running on 3000 
[2025-11-06 02:12:20] [32minfo[39m:cache service connected
[2025-11-06 02:12:20] [32minfo[39m:server running on 3000 
[2025-11-06 02:12:55] [32minfo[39m:cache service connected
[2025-11-06 02:12:55] [32minfo[39m:server running on 3000 
[2025-11-06 02:13:02] [32minfo[39m:cache service connected
[2025-11-06 02:13:02] [32minfo[39m:server running on 3000 
[2025-11-06 02:13:12] [32minfo[39m:cache service connected
[2025-11-06 02:13:12] [32minfo[39m:server running on 3000 
[2025-11-06 02:13:23] [32minfo[39m:cache service connected
[2025-11-06 02:13:23] [32minfo[39m:server running on 3000 
[2025-11-06 02:13:26] [32minfo[39m:cache service connected
[2025-11-06 02:13:26] [32minfo[39m:server running on 3000 
[2025-11-06 02:13:35] [32minfo[39m:cache service connected
[2025-11-06 02:13:35] [32minfo[39m:server running on 3000 
[2025-11-06 02:13:53] [32minfo[39m:cache service connected
[2025-11-06 02:13:53] [32minfo[39m:server running on 3000 
[2025-11-06 02:14:15] [32minfo[39m:cache service connected
[2025-11-06 02:14:15] [32minfo[39m:server running on 3000 
[2025-11-06 02:14:27] [32minfo[39m:cache service connected
[2025-11-06 02:14:27] [32minfo[39m:server running on 3000 
[2025-11-06 02:14:31] [32minfo[39m:cache service connected
[2025-11-06 02:14:31] [32minfo[39m:server running on 3000 
[2025-11-06 02:18:15] [32minfo[39m:cache service connected
[2025-11-06 02:18:15] [32minfo[39m:server running on 3000 
[2025-11-06 02:18:58] [32minfo[39m:cache service connected
[2025-11-06 02:18:58] [32minfo[39m:server running on 3000 
[2025-11-07 16:22:45] [32minfo[39m:cache service connected
[2025-11-07 16:22:45] [32minfo[39m:server running on 3000 
[2025-11-07 16:22:59] [32minfo[39m:accesssecret
[2025-11-07 16:22:59] [32minfo[39m:uuid
[2025-11-07 16:23:16] [32minfo[39m:accesssecret
[2025-11-07 16:23:16] [32minfo[39m:uuid
[2025-11-07 16:23:16] [32minfo[39m:accesssecret
[2025-11-07 16:23:16] [32minfo[39m:uuid
[2025-11-07 16:23:59] [32minfo[39m:accesssecret
[2025-11-07 16:23:59] [32minfo[39m:uuid
[2025-11-07 16:24:26] [32minfo[39m:accesssecret
[2025-11-07 16:24:26] [32minfo[39m:uuid
[2025-11-07 16:25:28] [32minfo[39m:cache service connected
[2025-11-07 16:25:28] [32minfo[39m:server running on 3000 
[2025-11-07 16:25:36] [32minfo[39m:cache service connected
[2025-11-07 16:25:36] [32minfo[39m:server running on 3000 
[2025-11-07 16:28:25] [32minfo[39m:cache service connected
[2025-11-07 16:28:25] [32minfo[39m:server running on 3000 
[2025-11-07 16:53:28] [32minfo[39m:accesssecret
[2025-11-07 16:53:28] [32minfo[39m:uuid
[2025-11-07 16:53:35] [32minfo[39m:accesssecret
[2025-11-07 16:53:35] [32minfo[39m:uuid
[2025-11-07 16:53:55] [32minfo[39m:accesssecret
[2025-11-07 16:53:55] [32minfo[39m:uuid
[2025-11-07 16:54:11] [32minfo[39m:accesssecret
[2025-11-07 16:54:11] [32minfo[39m:uuid
[2025-11-07 16:54:54] [32minfo[39m:accesssecret
[2025-11-07 16:54:54] [32minfo[39m:uuid
[2025-11-07 16:55:39] [31merror[39m:No User Found
[2025-11-07 16:55:42] [32minfo[39m:accesssecret
[2025-11-07 16:55:42] [32minfo[39m:uuid
[2025-11-07 17:05:30] [32minfo[39m:accesssecret
[2025-11-07 17:05:30] [32minfo[39m:uuid
[2025-11-07 17:10:16] [32minfo[39m:accesssecret
[2025-11-07 17:10:16] [32minfo[39m:uuid
[2025-11-07 17:16:02] [32minfo[39m:accesssecret
[2025-11-07 17:16:02] [32minfo[39m:uuid
[2025-11-07 17:16:45] [32minfo[39m:accesssecret
[2025-11-07 17:16:45] [32minfo[39m:uuid
[2025-11-07 17:18:22] [32minfo[39m:cache service connected
[2025-11-07 17:18:22] [32minfo[39m:server running on 3000 
[2025-11-07 17:18:44] [32minfo[39m:cache service connected
[2025-11-07 17:18:44] [32minfo[39m:server running on 3000 
[2025-11-07 17:19:00] [32minfo[39m:cache service connected
[2025-11-07 17:19:00] [32minfo[39m:server running on 3000 
[2025-11-07 17:19:20] [32minfo[39m:cache service connected
[2025-11-07 17:19:20] [32minfo[39m:server running on 3000 
[2025-11-07 17:19:30] [32minfo[39m:cache service connected
[2025-11-07 17:19:30] [32minfo[39m:server running on 3000 
[2025-11-07 17:19:42] [32minfo[39m:cache service connected
[2025-11-07 17:19:42] [32minfo[39m:server running on 3000 
[2025-11-07 17:19:48] [32minfo[39m:cache service connected
[2025-11-07 17:19:48] [32minfo[39m:server running on 3000 
[2025-11-07 17:20:29] [32minfo[39m:accesssecret
[2025-11-07 17:20:29] [32minfo[39m:uuid
[2025-11-07 17:20:30] [32minfo[39m:accesssecret
[2025-11-07 17:20:30] [32minfo[39m:uuid
[2025-11-07 17:20:43] [32minfo[39m:accesssecret
[2025-11-07 17:20:43] [32minfo[39m:uuid
[2025-11-07 17:20:43] [32minfo[39m:accesssecret
[2025-11-07 17:20:43] [32minfo[39m:uuid
[2025-11-07 17:20:53] [31merror[39m:No User Found
[2025-11-07 17:20:59] [32minfo[39m:accesssecret
[2025-11-07 17:20:59] [32minfo[39m:uuid
[2025-11-07 17:20:59] [32minfo[39m:accesssecret
[2025-11-07 17:20:59] [32minfo[39m:uuid
[2025-11-07 17:39:36] [32minfo[39m:cache service connected
[2025-11-07 17:39:36] [32minfo[39m:server running on 3000 
[2025-11-07 17:39:57] [32minfo[39m:cache service connected
[2025-11-07 17:39:57] [32minfo[39m:server running on 3000 
[2025-11-07 17:40:00] [32minfo[39m:cache service connected
[2025-11-07 17:40:00] [32minfo[39m:server running on 3000 
[2025-11-07 17:40:36] [32minfo[39m:cache service connected
[2025-11-07 17:40:36] [32minfo[39m:server running on 3000 
[2025-11-07 17:40:43] [32minfo[39m:cache service connected
[2025-11-07 17:40:43] [32minfo[39m:server running on 3000 
[2025-11-07 17:40:48] [32minfo[39m:cache service connected
[2025-11-07 17:40:48] [32minfo[39m:server running on 3000 
[2025-11-07 17:41:21] [32minfo[39m:cache service connected
[2025-11-07 17:41:21] [32minfo[39m:server running on 3000 
[2025-11-07 17:41:26] [32minfo[39m:cache service connected
[2025-11-07 17:41:26] [32minfo[39m:server running on 3000 
[2025-11-07 17:41:31] [32minfo[39m:cache service connected
[2025-11-07 17:41:31] [32minfo[39m:server running on 3000 
[2025-11-07 17:41:49] [32minfo[39m:cache service connected
[2025-11-07 17:41:49] [32minfo[39m:server running on 3000 
[2025-11-07 17:41:56] [32minfo[39m:cache service connected
[2025-11-07 17:41:56] [32minfo[39m:server running on 3000 
[2025-11-07 17:42:18] [32minfo[39m:cache service connected
[2025-11-07 17:42:18] [32minfo[39m:server running on 3000 
[2025-11-07 17:42:26] [32minfo[39m:cache service connected
[2025-11-07 17:42:26] [32minfo[39m:server running on 3000 
[2025-11-07 17:42:36] [32minfo[39m:cache service connected
[2025-11-07 17:42:36] [32minfo[39m:server running on 3000 
[2025-11-07 17:43:21] [32minfo[39m:cache service connected
[2025-11-07 17:43:21] [32minfo[39m:server running on 3000 
[2025-11-07 17:43:55] [32minfo[39m:cache service connected
[2025-11-07 17:43:55] [32minfo[39m:server running on 3000 
[2025-11-07 17:44:11] [32minfo[39m:cache service connected
[2025-11-07 17:44:11] [32minfo[39m:server running on 3000 
[2025-11-07 17:44:29] [32minfo[39m:cache service connected
[2025-11-07 17:44:29] [32minfo[39m:server running on 3000 
[2025-11-07 17:44:48] [32minfo[39m:cache service connected
[2025-11-07 17:44:48] [32minfo[39m:server running on 3000 
[2025-11-07 17:44:56] [32minfo[39m:cache service connected
[2025-11-07 17:44:56] [32minfo[39m:server running on 3000 
[2025-11-07 17:45:27] [32minfo[39m:cache service connected
[2025-11-07 17:45:27] [32minfo[39m:server running on 3000 
[2025-11-07 17:45:44] [32minfo[39m:cache service connected
[2025-11-07 17:45:44] [32minfo[39m:server running on 3000 
[2025-11-07 17:47:46] [32minfo[39m:cache service connected
[2025-11-07 17:47:46] [32minfo[39m:server running on 3000 
[2025-11-07 17:47:54] [32minfo[39m:cache service connected
[2025-11-07 17:47:54] [32minfo[39m:server running on 3000 
[2025-11-07 17:48:09] [32minfo[39m:cache service connected
[2025-11-07 17:48:09] [32minfo[39m:server running on 3000 
[2025-11-07 17:48:19] [32minfo[39m:cache service connected
[2025-11-07 17:48:19] [32minfo[39m:server running on 3000 
[2025-11-07 17:48:37] [32minfo[39m:cache service connected
[2025-11-07 17:48:37] [32minfo[39m:server running on 3000 
[2025-11-07 17:48:41] [32minfo[39m:cache service connected
[2025-11-07 17:48:41] [32minfo[39m:server running on 3000 
[2025-11-07 17:50:11] [32minfo[39m:cache service connected
[2025-11-07 17:50:11] [32minfo[39m:server running on 3000 
[2025-11-07 17:53:08] [32minfo[39m:cache service connected
[2025-11-07 17:53:08] [32minfo[39m:server running on 3000 
[2025-11-07 17:53:13] [32minfo[39m:cache service connected
[2025-11-07 17:53:13] [32minfo[39m:server running on 3000 
[2025-11-07 17:58:19] [32minfo[39m:cache service connected
[2025-11-07 17:58:19] [32minfo[39m:server running on 3000 
[2025-11-07 18:01:46] [32minfo[39m:cache service connected
[2025-11-07 18:01:46] [32minfo[39m:server running on 3000 
[2025-11-07 18:05:07] [32minfo[39m:cache service connected
[2025-11-07 18:05:07] [32minfo[39m:server running on 3000 
[2025-11-07 18:05:30] [32minfo[39m:cache service connected
[2025-11-07 18:05:30] [32minfo[39m:server running on 3000 
[2025-11-07 18:05:40] [32minfo[39m:cache service connected
[2025-11-07 18:05:40] [32minfo[39m:server running on 3000 
[2025-11-07 18:05:47] [32minfo[39m:cache service connected
[2025-11-07 18:05:47] [32minfo[39m:server running on 3000 
[2025-11-07 18:06:04] [32minfo[39m:cache service connected
[2025-11-07 18:06:04] [32minfo[39m:server running on 3000 
[2025-11-07 18:06:12] [32minfo[39m:cache service connected
[2025-11-07 18:06:12] [32minfo[39m:server running on 3000 
[2025-11-07 18:06:40] [32minfo[39m:cache service connected
[2025-11-07 18:06:40] [32minfo[39m:server running on 3000 
[2025-11-07 22:14:41] [32minfo[39m:cache service connected
[2025-11-07 22:14:41] [32minfo[39m:server running on 3000 
[2025-11-07 22:22:41] [32minfo[39m:cache service connected
[2025-11-07 22:22:41] [32minfo[39m:server running on 3000 
[2025-11-07 22:23:19] [32minfo[39m:cache service connected
[2025-11-07 22:23:19] [32minfo[39m:server running on 3000 
[2025-11-07 22:23:45] [32minfo[39m:cache service connected
[2025-11-07 22:23:45] [32minfo[39m:server running on 3000 
[2025-11-07 22:38:59] [32minfo[39m:accesssecret
[2025-11-07 22:38:59] [32minfo[39m:uuid
[2025-11-09 17:06:00] [32minfo[39m:cache service connected
[2025-11-09 17:06:00] [32minfo[39m:server running on 3000 
[2025-11-09 17:11:27] [32minfo[39m:cache service connected
[2025-11-09 17:11:27] [32minfo[39m:server running on 3000 
[2025-11-09 17:11:39] [32minfo[39m:cache service connected
[2025-11-09 17:11:39] [32minfo[39m:server running on 3000 
